,Foods,Activities,Date,Calories Burned,Steps,Distance,Floors,Minutes Sedentary,Minutes Lightly Active,Minutes Fairly Active,Minutes Very Active,Activity Calories
0,Foods,,,,,,,,,,,
1,Date,Calories In,,,,,,,,,,
2,2018-09-27,0,,,,,,,,,,
3,2018-09-28,0,,,,,,,,,,
4,2018-09-29,0,,,,,,,,,,
5,2018-09-30,0,,,,,,,,,,
6,2018-10-01,0,,,,,,,,,,
7,2018-10-02,0,,,,,,,,,,
8,2018-10-03,0,,,,,,,,,,
9,2018-10-04,0,,,,,,,,,,
10,2018-10-05,0,,,,,,,,,,
11,2018-10-06,0,,,,,,,,,,
12,2018-10-07,0,,,,,,,,,,
13,2018-10-08,0,,,,,,,,,,
14,2018-10-09,0,,,,,,,,,,
15,2018-10-10,0,,,,,,,,,,
16,2018-10-11,0,,,,,,,,,,
17,2018-10-12,0,,,,,,,,,,
18,2018-10-13,0,,,,,,,,,,
19,2018-10-14,0,,,,,,,,,,
20,2018-10-15,0,,,,,,,,,,
21,2018-10-16,0,,,,,,,,,,
22,2018-10-17,0,,,,,,,,,,
23,2018-10-18,0,,,,,,,,,,
24,2018-10-19,0,,,,,,,,,,
25,2018-10-20,0,,,,,,,,,,
26,2018-10-21,0,,,,,,,,,,
27,2018-10-22,0,,,,,,,,,,
28,2018-10-23,0,,,,,,,,,,
29,2018-10-24,0,,,,,,,,,,
30,2018-10-25,0,,,,,,,,,,
31,2018-10-26,0,,,,,,,,,,
32,2018-10-27,0,,,,,,,,,,
33,Activities,,,,,,,,,,,
34,Date,Calories Burned,Steps,Distance,Floors,Minutes Sedentary,Minutes Lightly Active,Minutes Fairly Active,Minutes Very Active,Activity Calories,,
35,2018-09-27,"3,348","9,751",4.6,7,849,167,10,42,"1,427",,
36,2018-09-28,"2,970","4,531",2.14,4,775,235,0,0,"1,068",,
37,2018-09-29,"3,043","7,043",3.32,5,788,218,4,5,"1,220",,
38,2018-09-30,"4,184","15,991",7.54,9,652,254,45,72,"2,504",,
39,2018-10-01,"3,180","8,307",3.92,8,813,201,5,24,"1,330",,
40,2018-10-02,"3,162","8,702",4.1,9,872,141,11,34,"1,205",,
41,2018-10-03,"3,584","10,729",5.06,6,773,186,7,69,"1,715",,
42,2018-10-04,"3,713","13,511",6.37,7,772,152,15,95,"1,895",,
43,2018-10-05,"3,603","11,029",5.2,105,822,167,7,71,"1,684",,
44,2018-10-06,"3,246","8,140",3.84,6,750,218,20,6,"1,343",,
45,2018-10-07,"4,799","20,396",9.62,30,402,329,76,100,"3,344",,
46,2018-10-08,"3,299","9,111",4.3,6,648,210,25,20,"1,513",,
47,2018-10-09,"3,046","8,076",3.81,7,900,130,15,35,"1,127",,
48,2018-10-10,"3,183","8,996",4.24,128,683,151,18,48,"1,330",,
49,2018-10-11,"4,194","16,811",8.24,18,683,216,7,90,"2,398",,
50,2018-10-12,"3,427","10,203",4.81,7,674,259,20,11,"1,630",,
51,2018-10-13,"3,464","9,661",4.56,14,655,275,40,16,"1,714",,
52,2018-10-14,"3,903","14,896",7.03,8,625,256,15,74,"2,219",,
53,2018-10-15,"2,956","5,982",2.82,12,915,206,0,0,"1,057",,
54,2018-10-16,"3,432","11,061",5.22,162,819,229,8,55,"1,630",,
55,2018-10-17,"3,268","10,426",4.92,10,737,170,3,45,"1,401",,
56,2018-10-18,"3,323","9,719",4.58,2,674,255,3,18,"1,520",,
57,2018-10-19,"3,706","13,701",6.46,14,718,114,21,93,"1,815",,
58,2018-10-20,"3,788","16,251",7.66,16,610,224,54,57,"2,102",,
59,2018-10-21,"3,991","16,642",7.85,15,437,349,33,58,"2,485",,
60,2018-10-22,"3,149","8,328",3.93,7,747,172,4,28,"1,239",,
61,2018-10-23,"3,739","16,918",7.98,8,674,127,16,115,"1,924",,
62,2018-10-24,"3,075","7,829",3.69,32,711,141,15,24,"1,108",,
63,2018-10-25,"3,379","11,073",5.22,15,596,275,18,15,"1,669",,
64,2018-10-26,"3,549","11,788",5.56,10,834,200,4,62,"1,756",,
65,2018-10-27,"3,915","14,059",6.63,18,644,209,28,83,"2,181",,
66,Food Log 20180927,,,,,,,,,,,
67,Daily Totals,,,,,,,,,,,
68,,Calories,0,,,,,,,,,
69,,Fat,0 g,,,,,,,,,
70,,Fiber,0 g,,,,,,,,,
71,,Carbs,0 g,,,,,,,,,
72,,Sodium,0 mg,,,,,,,,,
73,,Protein,0 g,,,,,,,,,
74,,Water,0 fl oz,,,,,,,,,
75,Food Log 20180928,,,,,,,,,,,
76,Daily Totals,,,,,,,,,,,
77,,Calories,0,,,,,,,,,
78,,Fat,0 g,,,,,,,,,
79,,Fiber,0 g,,,,,,,,,
80,,Carbs,0 g,,,,,,,,,
81,,Sodium,0 mg,,,,,,,,,
82,,Protein,0 g,,,,,,,,,
83,,Water,0 fl oz,,,,,,,,,
84,Food Log 20180929,,,,,,,,,,,
85,Daily Totals,,,,,,,,,,,
86,,Calories,0,,,,,,,,,
87,,Fat,0 g,,,,,,,,,
88,,Fiber,0 g,,,,,,,,,
89,,Carbs,0 g,,,,,,,,,
90,,Sodium,0 mg,,,,,,,,,
91,,Protein,0 g,,,,,,,,,
92,,Water,0 fl oz,,,,,,,,,
93,Food Log 20180930,,,,,,,,,,,
94,Daily Totals,,,,,,,,,,,
95,,Calories,0,,,,,,,,,
96,,Fat,0 g,,,,,,,,,
97,,Fiber,0 g,,,,,,,,,
98,,Carbs,0 g,,,,,,,,,
99,,Sodium,0 mg,,,,,,,,,
100,,Protein,0 g,,,,,,,,,
101,,Water,0 fl oz,,,,,,,,,
102,Food Log 20181001,,,,,,,,,,,
103,Daily Totals,,,,,,,,,,,
104,,Calories,0,,,,,,,,,
105,,Fat,0 g,,,,,,,,,
106,,Fiber,0 g,,,,,,,,,
107,,Carbs,0 g,,,,,,,,,
108,,Sodium,0 mg,,,,,,,,,
109,,Protein,0 g,,,,,,,,,
110,,Water,0 fl oz,,,,,,,,,
111,Food Log 20181002,,,,,,,,,,,
112,Daily Totals,,,,,,,,,,,
113,,Calories,0,,,,,,,,,
114,,Fat,0 g,,,,,,,,,
115,,Fiber,0 g,,,,,,,,,
116,,Carbs,0 g,,,,,,,,,
117,,Sodium,0 mg,,,,,,,,,
118,,Protein,0 g,,,,,,,,,
119,,Water,0 fl oz,,,,,,,,,
120,Food Log 20181003,,,,,,,,,,,
121,Daily Totals,,,,,,,,,,,
122,,Calories,0,,,,,,,,,
123,,Fat,0 g,,,,,,,,,
124,,Fiber,0 g,,,,,,,,,
125,,Carbs,0 g,,,,,,,,,
126,,Sodium,0 mg,,,,,,,,,
127,,Protein,0 g,,,,,,,,,
128,,Water,0 fl oz,,,,,,,,,
129,Food Log 20181004,,,,,,,,,,,
130,Daily Totals,,,,,,,,,,,
131,,Calories,0,,,,,,,,,
132,,Fat,0 g,,,,,,,,,
133,,Fiber,0 g,,,,,,,,,
134,,Carbs,0 g,,,,,,,,,
135,,Sodium,0 mg,,,,,,,,,
136,,Protein,0 g,,,,,,,,,
137,,Water,0 fl oz,,,,,,,,,
138,Food Log 20181005,,,,,,,,,,,
139,Daily Totals,,,,,,,,,,,
140,,Calories,0,,,,,,,,,
141,,Fat,0 g,,,,,,,,,
142,,Fiber,0 g,,,,,,,,,
143,,Carbs,0 g,,,,,,,,,
144,,Sodium,0 mg,,,,,,,,,
145,,Protein,0 g,,,,,,,,,
146,,Water,0 fl oz,,,,,,,,,
147,Food Log 20181006,,,,,,,,,,,
148,Daily Totals,,,,,,,,,,,
149,,Calories,0,,,,,,,,,
150,,Fat,0 g,,,,,,,,,
151,,Fiber,0 g,,,,,,,,,
152,,Carbs,0 g,,,,,,,,,
153,,Sodium,0 mg,,,,,,,,,
154,,Protein,0 g,,,,,,,,,
155,,Water,0 fl oz,,,,,,,,,
156,Food Log 20181007,,,,,,,,,,,
157,Daily Totals,,,,,,,,,,,
158,,Calories,0,,,,,,,,,
159,,Fat,0 g,,,,,,,,,
160,,Fiber,0 g,,,,,,,,,
161,,Carbs,0 g,,,,,,,,,
162,,Sodium,0 mg,,,,,,,,,
163,,Protein,0 g,,,,,,,,,
164,,Water,0 fl oz,,,,,,,,,
165,Food Log 20181008,,,,,,,,,,,
166,Daily Totals,,,,,,,,,,,
167,,Calories,0,,,,,,,,,
168,,Fat,0 g,,,,,,,,,
169,,Fiber,0 g,,,,,,,,,
170,,Carbs,0 g,,,,,,,,,
171,,Sodium,0 mg,,,,,,,,,
172,,Protein,0 g,,,,,,,,,
173,,Water,0 fl oz,,,,,,,,,
174,Food Log 20181009,,,,,,,,,,,
175,Daily Totals,,,,,,,,,,,
176,,Calories,0,,,,,,,,,
177,,Fat,0 g,,,,,,,,,
178,,Fiber,0 g,,,,,,,,,
179,,Carbs,0 g,,,,,,,,,
180,,Sodium,0 mg,,,,,,,,,
181,,Protein,0 g,,,,,,,,,
182,,Water,0 fl oz,,,,,,,,,
183,Food Log 20181010,,,,,,,,,,,
184,Daily Totals,,,,,,,,,,,
185,,Calories,0,,,,,,,,,
186,,Fat,0 g,,,,,,,,,
187,,Fiber,0 g,,,,,,,,,
188,,Carbs,0 g,,,,,,,,,
189,,Sodium,0 mg,,,,,,,,,
190,,Protein,0 g,,,,,,,,,
191,,Water,0 fl oz,,,,,,,,,
192,Food Log 20181011,,,,,,,,,,,
193,Daily Totals,,,,,,,,,,,
194,,Calories,0,,,,,,,,,
195,,Fat,0 g,,,,,,,,,
196,,Fiber,0 g,,,,,,,,,
197,,Carbs,0 g,,,,,,,,,
198,,Sodium,0 mg,,,,,,,,,
199,,Protein,0 g,,,,,,,,,
200,,Water,0 fl oz,,,,,,,,,
201,Food Log 20181012,,,,,,,,,,,
202,Daily Totals,,,,,,,,,,,
203,,Calories,0,,,,,,,,,
204,,Fat,0 g,,,,,,,,,
205,,Fiber,0 g,,,,,,,,,
206,,Carbs,0 g,,,,,,,,,
207,,Sodium,0 mg,,,,,,,,,
208,,Protein,0 g,,,,,,,,,
209,,Water,0 fl oz,,,,,,,,,
210,Food Log 20181013,,,,,,,,,,,
211,Daily Totals,,,,,,,,,,,
212,,Calories,0,,,,,,,,,
213,,Fat,0 g,,,,,,,,,
214,,Fiber,0 g,,,,,,,,,
215,,Carbs,0 g,,,,,,,,,
216,,Sodium,0 mg,,,,,,,,,
217,,Protein,0 g,,,,,,,,,
218,,Water,0 fl oz,,,,,,,,,
219,Food Log 20181014,,,,,,,,,,,
220,Daily Totals,,,,,,,,,,,
221,,Calories,0,,,,,,,,,
222,,Fat,0 g,,,,,,,,,
223,,Fiber,0 g,,,,,,,,,
224,,Carbs,0 g,,,,,,,,,
225,,Sodium,0 mg,,,,,,,,,
226,,Protein,0 g,,,,,,,,,
227,,Water,0 fl oz,,,,,,,,,
228,Food Log 20181015,,,,,,,,,,,
229,Daily Totals,,,,,,,,,,,
230,,Calories,0,,,,,,,,,
231,,Fat,0 g,,,,,,,,,
232,,Fiber,0 g,,,,,,,,,
233,,Carbs,0 g,,,,,,,,,
234,,Sodium,0 mg,,,,,,,,,
235,,Protein,0 g,,,,,,,,,
236,,Water,0 fl oz,,,,,,,,,
237,Food Log 20181016,,,,,,,,,,,
238,Daily Totals,,,,,,,,,,,
239,,Calories,0,,,,,,,,,
240,,Fat,0 g,,,,,,,,,
241,,Fiber,0 g,,,,,,,,,
242,,Carbs,0 g,,,,,,,,,
243,,Sodium,0 mg,,,,,,,,,
244,,Protein,0 g,,,,,,,,,
245,,Water,0 fl oz,,,,,,,,,
246,Food Log 20181017,,,,,,,,,,,
247,Daily Totals,,,,,,,,,,,
248,,Calories,0,,,,,,,,,
249,,Fat,0 g,,,,,,,,,
250,,Fiber,0 g,,,,,,,,,
251,,Carbs,0 g,,,,,,,,,
252,,Sodium,0 mg,,,,,,,,,
253,,Protein,0 g,,,,,,,,,
254,,Water,0 fl oz,,,,,,,,,
255,Food Log 20181018,,,,,,,,,,,
256,Daily Totals,,,,,,,,,,,
257,,Calories,0,,,,,,,,,
258,,Fat,0 g,,,,,,,,,
259,,Fiber,0 g,,,,,,,,,
260,,Carbs,0 g,,,,,,,,,
261,,Sodium,0 mg,,,,,,,,,
262,,Protein,0 g,,,,,,,,,
263,,Water,0 fl oz,,,,,,,,,
264,Food Log 20181019,,,,,,,,,,,
265,Daily Totals,,,,,,,,,,,
266,,Calories,0,,,,,,,,,
267,,Fat,0 g,,,,,,,,,
268,,Fiber,0 g,,,,,,,,,
269,,Carbs,0 g,,,,,,,,,
270,,Sodium,0 mg,,,,,,,,,
271,,Protein,0 g,,,,,,,,,
272,,Water,0 fl oz,,,,,,,,,
273,Food Log 20181020,,,,,,,,,,,
274,Daily Totals,,,,,,,,,,,
275,,Calories,0,,,,,,,,,
276,,Fat,0 g,,,,,,,,,
277,,Fiber,0 g,,,,,,,,,
278,,Carbs,0 g,,,,,,,,,
279,,Sodium,0 mg,,,,,,,,,
280,,Protein,0 g,,,,,,,,,
281,,Water,0 fl oz,,,,,,,,,
282,Food Log 20181021,,,,,,,,,,,
283,Daily Totals,,,,,,,,,,,
284,,Calories,0,,,,,,,,,
285,,Fat,0 g,,,,,,,,,
286,,Fiber,0 g,,,,,,,,,
287,,Carbs,0 g,,,,,,,,,
288,,Sodium,0 mg,,,,,,,,,
289,,Protein,0 g,,,,,,,,,
290,,Water,0 fl oz,,,,,,,,,
291,Food Log 20181022,,,,,,,,,,,
292,Daily Totals,,,,,,,,,,,
293,,Calories,0,,,,,,,,,
294,,Fat,0 g,,,,,,,,,
295,,Fiber,0 g,,,,,,,,,
296,,Carbs,0 g,,,,,,,,,
297,,Sodium,0 mg,,,,,,,,,
298,,Protein,0 g,,,,,,,,,
299,,Water,0 fl oz,,,,,,,,,
300,Food Log 20181023,,,,,,,,,,,
301,Daily Totals,,,,,,,,,,,
302,,Calories,0,,,,,,,,,
303,,Fat,0 g,,,,,,,,,
304,,Fiber,0 g,,,,,,,,,
305,,Carbs,0 g,,,,,,,,,
306,,Sodium,0 mg,,,,,,,,,
307,,Protein,0 g,,,,,,,,,
308,,Water,0 fl oz,,,,,,,,,
309,Food Log 20181024,,,,,,,,,,,
310,Daily Totals,,,,,,,,,,,
311,,Calories,0,,,,,,,,,
312,,Fat,0 g,,,,,,,,,
313,,Fiber,0 g,,,,,,,,,
314,,Carbs,0 g,,,,,,,,,
315,,Sodium,0 mg,,,,,,,,,
316,,Protein,0 g,,,,,,,,,
317,,Water,0 fl oz,,,,,,,,,
318,Food Log 20181025,,,,,,,,,,,
319,Daily Totals,,,,,,,,,,,
320,,Calories,0,,,,,,,,,
321,,Fat,0 g,,,,,,,,,
322,,Fiber,0 g,,,,,,,,,
323,,Carbs,0 g,,,,,,,,,
324,,Sodium,0 mg,,,,,,,,,
325,,Protein,0 g,,,,,,,,,
326,,Water,0 fl oz,,,,,,,,,
327,Food Log 20181026,,,,,,,,,,,
328,Daily Totals,,,,,,,,,,,
329,,Calories,0,,,,,,,,,
330,,Fat,0 g,,,,,,,,,
331,,Fiber,0 g,,,,,,,,,
332,,Carbs,0 g,,,,,,,,,
333,,Sodium,0 mg,,,,,,,,,
334,,Protein,0 g,,,,,,,,,
335,,Water,0 fl oz,,,,,,,,,
336,Food Log 20181027,,,,,,,,,,,
337,Daily Totals,,,,,,,,,,,
338,,Calories,0,,,,,,,,,
339,,Fat,0 g,,,,,,,,,
340,,Fiber,0 g,,,,,,,,,
341,,Carbs,0 g,,,,,,,,,
342,,Sodium,0 mg,,,,,,,,,
343,,Protein,0 g,,,,,,,,,
344,,Water,0 fl oz,,,,,,,,,
0,Foods,,,,,,,,,,,
1,Date,Calories In,,,,,,,,,,
2,2018-08-27,0,,,,,,,,,,
3,2018-08-28,0,,,,,,,,,,
4,2018-08-29,0,,,,,,,,,,
5,2018-08-30,0,,,,,,,,,,
6,2018-08-31,0,,,,,,,,,,
7,2018-09-01,0,,,,,,,,,,
8,2018-09-02,0,,,,,,,,,,
9,2018-09-03,0,,,,,,,,,,
10,2018-09-04,0,,,,,,,,,,
11,2018-09-05,0,,,,,,,,,,
12,2018-09-06,0,,,,,,,,,,
13,2018-09-07,0,,,,,,,,,,
14,2018-09-08,0,,,,,,,,,,
15,2018-09-09,0,,,,,,,,,,
16,2018-09-10,0,,,,,,,,,,
17,2018-09-11,0,,,,,,,,,,
18,2018-09-12,0,,,,,,,,,,
19,2018-09-13,0,,,,,,,,,,
20,2018-09-14,0,,,,,,,,,,
21,2018-09-15,0,,,,,,,,,,
22,2018-09-16,0,,,,,,,,,,
23,2018-09-17,0,,,,,,,,,,
24,2018-09-18,0,,,,,,,,,,
25,2018-09-19,0,,,,,,,,,,
26,2018-09-20,0,,,,,,,,,,
27,2018-09-21,0,,,,,,,,,,
28,2018-09-22,0,,,,,,,,,,
29,2018-09-23,0,,,,,,,,,,
30,2018-09-24,0,,,,,,,,,,
31,2018-09-25,0,,,,,,,,,,
32,2018-09-26,0,,,,,,,,,,
33,Activities,,,,,,,,,,,
34,Date,Calories Burned,Steps,Distance,Floors,Minutes Sedentary,Minutes Lightly Active,Minutes Fairly Active,Minutes Very Active,Activity Calories,,
35,2018-08-27,"4,458","15,714",7.48,15,608,259,9,96,"2,692",,
36,2018-08-28,"3,757","12,569",5.93,14,717,218,8,58,"1,874",,
37,2018-08-29,"3,222","8,559",4.04,16,853,166,4,35,"1,266",,
38,2018-08-30,"3,253","6,682",3.15,7,793,234,14,9,"1,389",,
39,2018-08-31,"4,415","15,415",7.46,17,744,211,8,104,"2,640",,
40,2018-09-01,"3,020","3,952",1.86,7,798,133,13,5,852,,
41,2018-09-02,"2,918","3,181",1.5,6,872,163,0,0,811,,
42,2018-09-03,"2,936","4,743",2.24,6,754,155,8,15,915,,
43,2018-09-04,"3,201","7,343",3.46,5,631,269,6,3,"1,374",,
44,2018-09-05,"3,395","7,943",3.86,18,"1,040",184,16,33,"1,514",,
45,2018-09-06,"2,907","5,641",2.66,5,746,195,0,0,983,,
46,2018-09-07,"3,829","9,591",4.52,7,683,242,20,43,"1,922",,
47,2018-09-08,"4,031","13,798",6.65,16,634,237,16,76,"2,230",,
48,2018-09-09,"3,682","9,360",4.41,9,734,234,22,46,"1,872",,
49,2018-09-10,"2,977","5,951",2.81,18,835,158,10,4,"1,002",,
50,2018-09-11,"2,824","4,446",2.1,1,781,154,6,4,829,,
51,2018-09-12,"3,047","7,512",3.54,6,676,179,17,13,"1,175",,
52,2018-09-13,"3,044","6,480",3.06,10,885,190,1,13,"1,118",,
53,2018-09-14,"3,080","7,021",3.31,3,871,179,18,7,"1,125",,
54,2018-09-15,"3,180","9,445",4.45,77,849,134,23,51,"1,287",,
55,2018-09-16,"3,344","9,015",4.25,102,586,184,30,38,"1,494",,
56,2018-09-17,"2,952","5,628",2.65,2,990,134,24,13,985,,
57,2018-09-18,"2,997","6,247",2.95,11,866,196,1,11,"1,074",,
58,2018-09-19,"3,044","7,034",3.32,14,768,218,2,8,"1,195",,
59,2018-09-20,"3,517","9,920",4.68,8,844,156,10,56,"1,565",,
60,2018-09-21,"3,105","8,185",3.86,9,797,163,6,26,"1,172",,
61,2018-09-22,"5,199","16,219",7.65,10,581,319,78,98,"3,596",,
62,2018-09-23,"2,787","5,807",2.74,12,773,46,7,46,745,,
63,2018-09-24,"2,771","4,500",2.12,7,841,167,0,0,822,,
64,2018-09-25,"2,820","5,219",2.46,6,767,142,2,11,853,,
65,2018-09-26,"3,613","10,466",4.94,9,707,163,3,63,"1,677",,
66,Food Log 20180827,,,,,,,,,,,
67,Daily Totals,,,,,,,,,,,
68,,Calories,0,,,,,,,,,
69,,Fat,0 g,,,,,,,,,
70,,Fiber,0 g,,,,,,,,,
71,,Carbs,0 g,,,,,,,,,
72,,Sodium,0 mg,,,,,,,,,
73,,Protein,0 g,,,,,,,,,
74,,Water,0 fl oz,,,,,,,,,
75,Food Log 20180828,,,,,,,,,,,
76,Daily Totals,,,,,,,,,,,
77,,Calories,0,,,,,,,,,
78,,Fat,0 g,,,,,,,,,
79,,Fiber,0 g,,,,,,,,,
80,,Carbs,0 g,,,,,,,,,
81,,Sodium,0 mg,,,,,,,,,
82,,Protein,0 g,,,,,,,,,
83,,Water,0 fl oz,,,,,,,,,
84,Food Log 20180829,,,,,,,,,,,
85,Daily Totals,,,,,,,,,,,
86,,Calories,0,,,,,,,,,
87,,Fat,0 g,,,,,,,,,
88,,Fiber,0 g,,,,,,,,,
89,,Carbs,0 g,,,,,,,,,
90,,Sodium,0 mg,,,,,,,,,
91,,Protein,0 g,,,,,,,,,
92,,Water,0 fl oz,,,,,,,,,
93,Food Log 20180830,,,,,,,,,,,
94,Daily Totals,,,,,,,,,,,
95,,Calories,0,,,,,,,,,
96,,Fat,0 g,,,,,,,,,
97,,Fiber,0 g,,,,,,,,,
98,,Carbs,0 g,,,,,,,,,
99,,Sodium,0 mg,,,,,,,,,
100,,Protein,0 g,,,,,,,,,
101,,Water,0 fl oz,,,,,,,,,
102,Food Log 20180831,,,,,,,,,,,
103,Daily Totals,,,,,,,,,,,
104,,Calories,0,,,,,,,,,
105,,Fat,0 g,,,,,,,,,
106,,Fiber,0 g,,,,,,,,,
107,,Carbs,0 g,,,,,,,,,
108,,Sodium,0 mg,,,,,,,,,
109,,Protein,0 g,,,,,,,,,
110,,Water,0 fl oz,,,,,,,,,
111,Food Log 20180901,,,,,,,,,,,
112,Daily Totals,,,,,,,,,,,
113,,Calories,0,,,,,,,,,
114,,Fat,0 g,,,,,,,,,
115,,Fiber,0 g,,,,,,,,,
116,,Carbs,0 g,,,,,,,,,
117,,Sodium,0 mg,,,,,,,,,
118,,Protein,0 g,,,,,,,,,
119,,Water,0 fl oz,,,,,,,,,
120,Food Log 20180902,,,,,,,,,,,
121,Daily Totals,,,,,,,,,,,
122,,Calories,0,,,,,,,,,
123,,Fat,0 g,,,,,,,,,
124,,Fiber,0 g,,,,,,,,,
125,,Carbs,0 g,,,,,,,,,
126,,Sodium,0 mg,,,,,,,,,
127,,Protein,0 g,,,,,,,,,
128,,Water,0 fl oz,,,,,,,,,
129,Food Log 20180903,,,,,,,,,,,
130,Daily Totals,,,,,,,,,,,
131,,Calories,0,,,,,,,,,
132,,Fat,0 g,,,,,,,,,
133,,Fiber,0 g,,,,,,,,,
134,,Carbs,0 g,,,,,,,,,
135,,Sodium,0 mg,,,,,,,,,
136,,Protein,0 g,,,,,,,,,
137,,Water,0 fl oz,,,,,,,,,
138,Food Log 20180904,,,,,,,,,,,
139,Daily Totals,,,,,,,,,,,
140,,Calories,0,,,,,,,,,
141,,Fat,0 g,,,,,,,,,
142,,Fiber,0 g,,,,,,,,,
143,,Carbs,0 g,,,,,,,,,
144,,Sodium,0 mg,,,,,,,,,
145,,Protein,0 g,,,,,,,,,
146,,Water,0 fl oz,,,,,,,,,
147,Food Log 20180905,,,,,,,,,,,
148,Daily Totals,,,,,,,,,,,
149,,Calories,0,,,,,,,,,
150,,Fat,0 g,,,,,,,,,
151,,Fiber,0 g,,,,,,,,,
152,,Carbs,0 g,,,,,,,,,
153,,Sodium,0 mg,,,,,,,,,
154,,Protein,0 g,,,,,,,,,
155,,Water,0 fl oz,,,,,,,,,
156,Food Log 20180906,,,,,,,,,,,
157,Daily Totals,,,,,,,,,,,
158,,Calories,0,,,,,,,,,
159,,Fat,0 g,,,,,,,,,
160,,Fiber,0 g,,,,,,,,,
161,,Carbs,0 g,,,,,,,,,
162,,Sodium,0 mg,,,,,,,,,
163,,Protein,0 g,,,,,,,,,
164,,Water,0 fl oz,,,,,,,,,
165,Food Log 20180907,,,,,,,,,,,
166,Daily Totals,,,,,,,,,,,
167,,Calories,0,,,,,,,,,
168,,Fat,0 g,,,,,,,,,
169,,Fiber,0 g,,,,,,,,,
170,,Carbs,0 g,,,,,,,,,
171,,Sodium,0 mg,,,,,,,,,
172,,Protein,0 g,,,,,,,,,
173,,Water,0 fl oz,,,,,,,,,
174,Food Log 20180908,,,,,,,,,,,
175,Daily Totals,,,,,,,,,,,
176,,Calories,0,,,,,,,,,
177,,Fat,0 g,,,,,,,,,
178,,Fiber,0 g,,,,,,,,,
179,,Carbs,0 g,,,,,,,,,
180,,Sodium,0 mg,,,,,,,,,
181,,Protein,0 g,,,,,,,,,
182,,Water,0 fl oz,,,,,,,,,
183,Food Log 20180909,,,,,,,,,,,
184,Daily Totals,,,,,,,,,,,
185,,Calories,0,,,,,,,,,
186,,Fat,0 g,,,,,,,,,
187,,Fiber,0 g,,,,,,,,,
188,,Carbs,0 g,,,,,,,,,
189,,Sodium,0 mg,,,,,,,,,
190,,Protein,0 g,,,,,,,,,
191,,Water,0 fl oz,,,,,,,,,
192,Food Log 20180910,,,,,,,,,,,
193,Daily Totals,,,,,,,,,,,
194,,Calories,0,,,,,,,,,
195,,Fat,0 g,,,,,,,,,
196,,Fiber,0 g,,,,,,,,,
197,,Carbs,0 g,,,,,,,,,
198,,Sodium,0 mg,,,,,,,,,
199,,Protein,0 g,,,,,,,,,
200,,Water,0 fl oz,,,,,,,,,
201,Food Log 20180911,,,,,,,,,,,
202,Daily Totals,,,,,,,,,,,
203,,Calories,0,,,,,,,,,
204,,Fat,0 g,,,,,,,,,
205,,Fiber,0 g,,,,,,,,,
206,,Carbs,0 g,,,,,,,,,
207,,Sodium,0 mg,,,,,,,,,
208,,Protein,0 g,,,,,,,,,
209,,Water,0 fl oz,,,,,,,,,
210,Food Log 20180912,,,,,,,,,,,
211,Daily Totals,,,,,,,,,,,
212,,Calories,0,,,,,,,,,
213,,Fat,0 g,,,,,,,,,
214,,Fiber,0 g,,,,,,,,,
215,,Carbs,0 g,,,,,,,,,
216,,Sodium,0 mg,,,,,,,,,
217,,Protein,0 g,,,,,,,,,
218,,Water,0 fl oz,,,,,,,,,
219,Food Log 20180913,,,,,,,,,,,
220,Daily Totals,,,,,,,,,,,
221,,Calories,0,,,,,,,,,
222,,Fat,0 g,,,,,,,,,
223,,Fiber,0 g,,,,,,,,,
224,,Carbs,0 g,,,,,,,,,
225,,Sodium,0 mg,,,,,,,,,
226,,Protein,0 g,,,,,,,,,
227,,Water,0 fl oz,,,,,,,,,
228,Food Log 20180914,,,,,,,,,,,
229,Daily Totals,,,,,,,,,,,
230,,Calories,0,,,,,,,,,
231,,Fat,0 g,,,,,,,,,
232,,Fiber,0 g,,,,,,,,,
233,,Carbs,0 g,,,,,,,,,
234,,Sodium,0 mg,,,,,,,,,
235,,Protein,0 g,,,,,,,,,
236,,Water,0 fl oz,,,,,,,,,
237,Food Log 20180915,,,,,,,,,,,
238,Daily Totals,,,,,,,,,,,
239,,Calories,0,,,,,,,,,
240,,Fat,0 g,,,,,,,,,
241,,Fiber,0 g,,,,,,,,,
242,,Carbs,0 g,,,,,,,,,
243,,Sodium,0 mg,,,,,,,,,
244,,Protein,0 g,,,,,,,,,
245,,Water,0 fl oz,,,,,,,,,
246,Food Log 20180916,,,,,,,,,,,
247,Daily Totals,,,,,,,,,,,
248,,Calories,0,,,,,,,,,
249,,Fat,0 g,,,,,,,,,
250,,Fiber,0 g,,,,,,,,,
251,,Carbs,0 g,,,,,,,,,
252,,Sodium,0 mg,,,,,,,,,
253,,Protein,0 g,,,,,,,,,
254,,Water,0 fl oz,,,,,,,,,
255,Food Log 20180917,,,,,,,,,,,
256,Daily Totals,,,,,,,,,,,
257,,Calories,0,,,,,,,,,
258,,Fat,0 g,,,,,,,,,
259,,Fiber,0 g,,,,,,,,,
260,,Carbs,0 g,,,,,,,,,
261,,Sodium,0 mg,,,,,,,,,
262,,Protein,0 g,,,,,,,,,
263,,Water,0 fl oz,,,,,,,,,
264,Food Log 20180918,,,,,,,,,,,
265,Daily Totals,,,,,,,,,,,
266,,Calories,0,,,,,,,,,
267,,Fat,0 g,,,,,,,,,
268,,Fiber,0 g,,,,,,,,,
269,,Carbs,0 g,,,,,,,,,
270,,Sodium,0 mg,,,,,,,,,
271,,Protein,0 g,,,,,,,,,
272,,Water,0 fl oz,,,,,,,,,
273,Food Log 20180919,,,,,,,,,,,
274,Daily Totals,,,,,,,,,,,
275,,Calories,0,,,,,,,,,
276,,Fat,0 g,,,,,,,,,
277,,Fiber,0 g,,,,,,,,,
278,,Carbs,0 g,,,,,,,,,
279,,Sodium,0 mg,,,,,,,,,
280,,Protein,0 g,,,,,,,,,
281,,Water,0 fl oz,,,,,,,,,
282,Food Log 20180920,,,,,,,,,,,
283,Daily Totals,,,,,,,,,,,
284,,Calories,0,,,,,,,,,
285,,Fat,0 g,,,,,,,,,
286,,Fiber,0 g,,,,,,,,,
287,,Carbs,0 g,,,,,,,,,
288,,Sodium,0 mg,,,,,,,,,
289,,Protein,0 g,,,,,,,,,
290,,Water,0 fl oz,,,,,,,,,
291,Food Log 20180921,,,,,,,,,,,
292,Daily Totals,,,,,,,,,,,
293,,Calories,0,,,,,,,,,
294,,Fat,0 g,,,,,,,,,
295,,Fiber,0 g,,,,,,,,,
296,,Carbs,0 g,,,,,,,,,
297,,Sodium,0 mg,,,,,,,,,
298,,Protein,0 g,,,,,,,,,
299,,Water,0 fl oz,,,,,,,,,
300,Food Log 20180922,,,,,,,,,,,
301,Daily Totals,,,,,,,,,,,
302,,Calories,0,,,,,,,,,
303,,Fat,0 g,,,,,,,,,
304,,Fiber,0 g,,,,,,,,,
305,,Carbs,0 g,,,,,,,,,
306,,Sodium,0 mg,,,,,,,,,
307,,Protein,0 g,,,,,,,,,
308,,Water,0 fl oz,,,,,,,,,
309,Food Log 20180923,,,,,,,,,,,
310,Daily Totals,,,,,,,,,,,
311,,Calories,0,,,,,,,,,
312,,Fat,0 g,,,,,,,,,
313,,Fiber,0 g,,,,,,,,,
314,,Carbs,0 g,,,,,,,,,
315,,Sodium,0 mg,,,,,,,,,
316,,Protein,0 g,,,,,,,,,
317,,Water,0 fl oz,,,,,,,,,
318,Food Log 20180924,,,,,,,,,,,
319,Daily Totals,,,,,,,,,,,
320,,Calories,0,,,,,,,,,
321,,Fat,0 g,,,,,,,,,
322,,Fiber,0 g,,,,,,,,,
323,,Carbs,0 g,,,,,,,,,
324,,Sodium,0 mg,,,,,,,,,
325,,Protein,0 g,,,,,,,,,
326,,Water,0 fl oz,,,,,,,,,
327,Food Log 20180925,,,,,,,,,,,
328,Daily Totals,,,,,,,,,,,
329,,Calories,0,,,,,,,,,
330,,Fat,0 g,,,,,,,,,
331,,Fiber,0 g,,,,,,,,,
332,,Carbs,0 g,,,,,,,,,
333,,Sodium,0 mg,,,,,,,,,
334,,Protein,0 g,,,,,,,,,
335,,Water,0 fl oz,,,,,,,,,
336,Food Log 20180926,,,,,,,,,,,
337,Daily Totals,,,,,,,,,,,
338,,Calories,0,,,,,,,,,
339,,Fat,0 g,,,,,,,,,
340,,Fiber,0 g,,,,,,,,,
341,,Carbs,0 g,,,,,,,,,
342,,Sodium,0 mg,,,,,,,,,
343,,Protein,0 g,,,,,,,,,
344,,Water,0 fl oz,,,,,,,,,
0,Foods,,,,,,,,,,,
1,Date,Calories In,,,,,,,,,,
2,2018-07-28,0,,,,,,,,,,
3,2018-07-29,0,,,,,,,,,,
4,2018-07-30,0,,,,,,,,,,
5,2018-07-31,0,,,,,,,,,,
6,2018-08-01,0,,,,,,,,,,
7,2018-08-02,0,,,,,,,,,,
8,2018-08-03,0,,,,,,,,,,
9,2018-08-04,0,,,,,,,,,,
10,2018-08-05,0,,,,,,,,,,
11,2018-08-06,0,,,,,,,,,,
12,2018-08-07,0,,,,,,,,,,
13,2018-08-08,0,,,,,,,,,,
14,2018-08-09,0,,,,,,,,,,
15,2018-08-10,0,,,,,,,,,,
16,2018-08-11,0,,,,,,,,,,
17,2018-08-12,0,,,,,,,,,,
18,2018-08-13,0,,,,,,,,,,
19,2018-08-14,0,,,,,,,,,,
20,2018-08-15,0,,,,,,,,,,
21,2018-08-16,0,,,,,,,,,,
22,2018-08-17,0,,,,,,,,,,
23,2018-08-18,0,,,,,,,,,,
24,2018-08-19,0,,,,,,,,,,
25,2018-08-20,0,,,,,,,,,,
26,2018-08-21,0,,,,,,,,,,
27,2018-08-22,0,,,,,,,,,,
28,2018-08-23,0,,,,,,,,,,
29,2018-08-24,0,,,,,,,,,,
30,2018-08-25,0,,,,,,,,,,
31,2018-08-26,0,,,,,,,,,,
32,Activities,,,,,,,,,,,
33,Date,Calories Burned,Steps,Distance,Floors,Minutes Sedentary,Minutes Lightly Active,Minutes Fairly Active,Minutes Very Active,Activity Calories,,
34,2018-07-28,"3,358","8,073",3.81,5,674,236,19,9,"1,481",,
35,2018-07-29,"3,316","6,450",3.04,18,"1,211",192,17,20,"1,382",,
36,2018-07-30,"2,212",357,0.17,1,947,17,0,0,85,,
37,2018-07-31,"3,800","8,295",3.91,4,688,237,10,22,"1,757",,
38,2018-08-01,"3,987","12,157",5.73,7,786,228,26,45,"2,079",,
39,2018-08-02,"3,968","9,629",4.54,4,924,186,43,51,"2,008",,
40,2018-08-03,"4,762","18,215",8.59,12,607,247,17,114,"2,958",,
41,2018-08-04,"4,376","17,126",8.08,78,585,206,17,124,"2,584",,
42,2018-08-05,"4,818","18,565",8.76,29,561,272,31,113,"3,106",,
43,2018-08-06,"3,150","6,185",2.92,7,775,210,0,0,"1,121",,
44,2018-08-07,"3,152","6,558",3.09,6,777,223,0,0,"1,185",,
45,2018-08-08,"3,341","7,772",3.67,12,724,220,13,9,"1,375",,
46,2018-08-09,"4,339","15,635",7.37,13,"1,061",285,17,77,"2,566",,
47,2018-08-10,"3,667","7,470",3.52,2,641,293,9,14,"1,730",,
48,2018-08-11,"4,392","17,519",8.26,21,448,260,20,94,"2,616",,
49,2018-08-12,"4,011","11,193",5.28,6,585,257,21,57,"2,224",,
50,2018-08-13,"4,196","17,014",8.02,17,771,222,25,98,"2,424",,
51,2018-08-14,"3,454","8,448",3.98,11,719,264,9,12,"1,598",,
52,2018-08-15,"4,079","12,259",5.78,8,704,213,23,56,"2,158",,
53,2018-08-16,"3,490","8,039",3.79,18,877,311,7,6,"1,678",,
54,2018-08-17,"4,610","16,482",7.77,11,608,198,9,125,"2,686",,
55,2018-08-18,"2,921","4,657",2.2,8,551,198,0,0,972,,
56,2018-08-19,"4,381","13,461",6.35,16,796,243,30,83,"2,595",,
57,2018-08-20,"4,041","11,763",5.55,3,624,239,1,64,"2,190",,
58,2018-08-21,"3,393","6,274",2.96,4,689,212,6,8,"1,319",,
59,2018-08-22,"3,811","8,678",4.09,5,845,200,13,48,"1,852",,
60,2018-08-23,"4,232","14,696",6.93,11,653,210,18,79,"2,261",,
61,2018-08-24,"2,168",68,0.03,0,994,7,0,0,32,,
62,2018-08-25,"3,719","4,054",1.91,7,"1,190",204,23,23,"1,731",,
63,2018-08-26,799,207,0.1,1,28,13,0,0,51,,
64,Food Log 20180728,,,,,,,,,,,
65,Daily Totals,,,,,,,,,,,
66,,Calories,0,,,,,,,,,
67,,Fat,0 g,,,,,,,,,
68,,Fiber,0 g,,,,,,,,,
69,,Carbs,0 g,,,,,,,,,
70,,Sodium,0 mg,,,,,,,,,
71,,Protein,0 g,,,,,,,,,
72,,Water,0 fl oz,,,,,,,,,
73,Food Log 20180729,,,,,,,,,,,
74,Daily Totals,,,,,,,,,,,
75,,Calories,0,,,,,,,,,
76,,Fat,0 g,,,,,,,,,
77,,Fiber,0 g,,,,,,,,,
78,,Carbs,0 g,,,,,,,,,
79,,Sodium,0 mg,,,,,,,,,
80,,Protein,0 g,,,,,,,,,
81,,Water,0 fl oz,,,,,,,,,
82,Food Log 20180730,,,,,,,,,,,
83,Daily Totals,,,,,,,,,,,
84,,Calories,0,,,,,,,,,
85,,Fat,0 g,,,,,,,,,
86,,Fiber,0 g,,,,,,,,,
87,,Carbs,0 g,,,,,,,,,
88,,Sodium,0 mg,,,,,,,,,
89,,Protein,0 g,,,,,,,,,
90,,Water,0 fl oz,,,,,,,,,
91,Food Log 20180731,,,,,,,,,,,
92,Daily Totals,,,,,,,,,,,
93,,Calories,0,,,,,,,,,
94,,Fat,0 g,,,,,,,,,
95,,Fiber,0 g,,,,,,,,,
96,,Carbs,0 g,,,,,,,,,
97,,Sodium,0 mg,,,,,,,,,
98,,Protein,0 g,,,,,,,,,
99,,Water,0 fl oz,,,,,,,,,
100,Food Log 20180801,,,,,,,,,,,
101,Daily Totals,,,,,,,,,,,
102,,Calories,0,,,,,,,,,
103,,Fat,0 g,,,,,,,,,
104,,Fiber,0 g,,,,,,,,,
105,,Carbs,0 g,,,,,,,,,
106,,Sodium,0 mg,,,,,,,,,
107,,Protein,0 g,,,,,,,,,
108,,Water,0 fl oz,,,,,,,,,
109,Food Log 20180802,,,,,,,,,,,
110,Daily Totals,,,,,,,,,,,
111,,Calories,0,,,,,,,,,
112,,Fat,0 g,,,,,,,,,
113,,Fiber,0 g,,,,,,,,,
114,,Carbs,0 g,,,,,,,,,
115,,Sodium,0 mg,,,,,,,,,
116,,Protein,0 g,,,,,,,,,
117,,Water,0 fl oz,,,,,,,,,
118,Food Log 20180803,,,,,,,,,,,
119,Daily Totals,,,,,,,,,,,
120,,Calories,0,,,,,,,,,
121,,Fat,0 g,,,,,,,,,
122,,Fiber,0 g,,,,,,,,,
123,,Carbs,0 g,,,,,,,,,
124,,Sodium,0 mg,,,,,,,,,
125,,Protein,0 g,,,,,,,,,
126,,Water,0 fl oz,,,,,,,,,
127,Food Log 20180804,,,,,,,,,,,
128,Daily Totals,,,,,,,,,,,
129,,Calories,0,,,,,,,,,
130,,Fat,0 g,,,,,,,,,
131,,Fiber,0 g,,,,,,,,,
132,,Carbs,0 g,,,,,,,,,
133,,Sodium,0 mg,,,,,,,,,
134,,Protein,0 g,,,,,,,,,
135,,Water,0 fl oz,,,,,,,,,
136,Food Log 20180805,,,,,,,,,,,
137,Daily Totals,,,,,,,,,,,
138,,Calories,0,,,,,,,,,
139,,Fat,0 g,,,,,,,,,
140,,Fiber,0 g,,,,,,,,,
141,,Carbs,0 g,,,,,,,,,
142,,Sodium,0 mg,,,,,,,,,
143,,Protein,0 g,,,,,,,,,
144,,Water,0 fl oz,,,,,,,,,
145,Food Log 20180806,,,,,,,,,,,
146,Daily Totals,,,,,,,,,,,
147,,Calories,0,,,,,,,,,
148,,Fat,0 g,,,,,,,,,
149,,Fiber,0 g,,,,,,,,,
150,,Carbs,0 g,,,,,,,,,
151,,Sodium,0 mg,,,,,,,,,
152,,Protein,0 g,,,,,,,,,
153,,Water,0 fl oz,,,,,,,,,
154,Food Log 20180807,,,,,,,,,,,
155,Daily Totals,,,,,,,,,,,
156,,Calories,0,,,,,,,,,
157,,Fat,0 g,,,,,,,,,
158,,Fiber,0 g,,,,,,,,,
159,,Carbs,0 g,,,,,,,,,
160,,Sodium,0 mg,,,,,,,,,
161,,Protein,0 g,,,,,,,,,
162,,Water,0 fl oz,,,,,,,,,
163,Food Log 20180808,,,,,,,,,,,
164,Daily Totals,,,,,,,,,,,
165,,Calories,0,,,,,,,,,
166,,Fat,0 g,,,,,,,,,
167,,Fiber,0 g,,,,,,,,,
168,,Carbs,0 g,,,,,,,,,
169,,Sodium,0 mg,,,,,,,,,
170,,Protein,0 g,,,,,,,,,
171,,Water,0 fl oz,,,,,,,,,
172,Food Log 20180809,,,,,,,,,,,
173,Daily Totals,,,,,,,,,,,
174,,Calories,0,,,,,,,,,
175,,Fat,0 g,,,,,,,,,
176,,Fiber,0 g,,,,,,,,,
177,,Carbs,0 g,,,,,,,,,
178,,Sodium,0 mg,,,,,,,,,
179,,Protein,0 g,,,,,,,,,
180,,Water,0 fl oz,,,,,,,,,
181,Food Log 20180810,,,,,,,,,,,
182,Daily Totals,,,,,,,,,,,
183,,Calories,0,,,,,,,,,
184,,Fat,0 g,,,,,,,,,
185,,Fiber,0 g,,,,,,,,,
186,,Carbs,0 g,,,,,,,,,
187,,Sodium,0 mg,,,,,,,,,
188,,Protein,0 g,,,,,,,,,
189,,Water,0 fl oz,,,,,,,,,
190,Food Log 20180811,,,,,,,,,,,
191,Daily Totals,,,,,,,,,,,
192,,Calories,0,,,,,,,,,
193,,Fat,0 g,,,,,,,,,
194,,Fiber,0 g,,,,,,,,,
195,,Carbs,0 g,,,,,,,,,
196,,Sodium,0 mg,,,,,,,,,
197,,Protein,0 g,,,,,,,,,
198,,Water,0 fl oz,,,,,,,,,
199,Food Log 20180812,,,,,,,,,,,
200,Daily Totals,,,,,,,,,,,
201,,Calories,0,,,,,,,,,
202,,Fat,0 g,,,,,,,,,
203,,Fiber,0 g,,,,,,,,,
204,,Carbs,0 g,,,,,,,,,
205,,Sodium,0 mg,,,,,,,,,
206,,Protein,0 g,,,,,,,,,
207,,Water,0 fl oz,,,,,,,,,
208,Food Log 20180813,,,,,,,,,,,
209,Daily Totals,,,,,,,,,,,
210,,Calories,0,,,,,,,,,
211,,Fat,0 g,,,,,,,,,
212,,Fiber,0 g,,,,,,,,,
213,,Carbs,0 g,,,,,,,,,
214,,Sodium,0 mg,,,,,,,,,
215,,Protein,0 g,,,,,,,,,
216,,Water,0 fl oz,,,,,,,,,
217,Food Log 20180814,,,,,,,,,,,
218,Daily Totals,,,,,,,,,,,
219,,Calories,0,,,,,,,,,
220,,Fat,0 g,,,,,,,,,
221,,Fiber,0 g,,,,,,,,,
222,,Carbs,0 g,,,,,,,,,
223,,Sodium,0 mg,,,,,,,,,
224,,Protein,0 g,,,,,,,,,
225,,Water,0 fl oz,,,,,,,,,
226,Food Log 20180815,,,,,,,,,,,
227,Daily Totals,,,,,,,,,,,
228,,Calories,0,,,,,,,,,
229,,Fat,0 g,,,,,,,,,
230,,Fiber,0 g,,,,,,,,,
231,,Carbs,0 g,,,,,,,,,
232,,Sodium,0 mg,,,,,,,,,
233,,Protein,0 g,,,,,,,,,
234,,Water,0 fl oz,,,,,,,,,
235,Food Log 20180816,,,,,,,,,,,
236,Daily Totals,,,,,,,,,,,
237,,Calories,0,,,,,,,,,
238,,Fat,0 g,,,,,,,,,
239,,Fiber,0 g,,,,,,,,,
240,,Carbs,0 g,,,,,,,,,
241,,Sodium,0 mg,,,,,,,,,
242,,Protein,0 g,,,,,,,,,
243,,Water,0 fl oz,,,,,,,,,
244,Food Log 20180817,,,,,,,,,,,
245,Daily Totals,,,,,,,,,,,
246,,Calories,0,,,,,,,,,
247,,Fat,0 g,,,,,,,,,
248,,Fiber,0 g,,,,,,,,,
249,,Carbs,0 g,,,,,,,,,
250,,Sodium,0 mg,,,,,,,,,
251,,Protein,0 g,,,,,,,,,
252,,Water,0 fl oz,,,,,,,,,
253,Food Log 20180818,,,,,,,,,,,
254,Daily Totals,,,,,,,,,,,
255,,Calories,0,,,,,,,,,
256,,Fat,0 g,,,,,,,,,
257,,Fiber,0 g,,,,,,,,,
258,,Carbs,0 g,,,,,,,,,
259,,Sodium,0 mg,,,,,,,,,
260,,Protein,0 g,,,,,,,,,
261,,Water,0 fl oz,,,,,,,,,
262,Food Log 20180819,,,,,,,,,,,
263,Daily Totals,,,,,,,,,,,
264,,Calories,0,,,,,,,,,
265,,Fat,0 g,,,,,,,,,
266,,Fiber,0 g,,,,,,,,,
267,,Carbs,0 g,,,,,,,,,
268,,Sodium,0 mg,,,,,,,,,
269,,Protein,0 g,,,,,,,,,
270,,Water,0 fl oz,,,,,,,,,
271,Food Log 20180820,,,,,,,,,,,
272,Daily Totals,,,,,,,,,,,
273,,Calories,0,,,,,,,,,
274,,Fat,0 g,,,,,,,,,
275,,Fiber,0 g,,,,,,,,,
276,,Carbs,0 g,,,,,,,,,
277,,Sodium,0 mg,,,,,,,,,
278,,Protein,0 g,,,,,,,,,
279,,Water,0 fl oz,,,,,,,,,
280,Food Log 20180821,,,,,,,,,,,
281,Daily Totals,,,,,,,,,,,
282,,Calories,0,,,,,,,,,
283,,Fat,0 g,,,,,,,,,
284,,Fiber,0 g,,,,,,,,,
285,,Carbs,0 g,,,,,,,,,
286,,Sodium,0 mg,,,,,,,,,
287,,Protein,0 g,,,,,,,,,
288,,Water,0 fl oz,,,,,,,,,
289,Food Log 20180822,,,,,,,,,,,
290,Daily Totals,,,,,,,,,,,
291,,Calories,0,,,,,,,,,
292,,Fat,0 g,,,,,,,,,
293,,Fiber,0 g,,,,,,,,,
294,,Carbs,0 g,,,,,,,,,
295,,Sodium,0 mg,,,,,,,,,
296,,Protein,0 g,,,,,,,,,
297,,Water,0 fl oz,,,,,,,,,
298,Food Log 20180823,,,,,,,,,,,
299,Daily Totals,,,,,,,,,,,
300,,Calories,0,,,,,,,,,
301,,Fat,0 g,,,,,,,,,
302,,Fiber,0 g,,,,,,,,,
303,,Carbs,0 g,,,,,,,,,
304,,Sodium,0 mg,,,,,,,,,
305,,Protein,0 g,,,,,,,,,
306,,Water,0 fl oz,,,,,,,,,
307,Food Log 20180824,,,,,,,,,,,
308,Daily Totals,,,,,,,,,,,
309,,Calories,0,,,,,,,,,
310,,Fat,0 g,,,,,,,,,
311,,Fiber,0 g,,,,,,,,,
312,,Carbs,0 g,,,,,,,,,
313,,Sodium,0 mg,,,,,,,,,
314,,Protein,0 g,,,,,,,,,
315,,Water,0 fl oz,,,,,,,,,
316,Food Log 20180825,,,,,,,,,,,
317,Daily Totals,,,,,,,,,,,
318,,Calories,0,,,,,,,,,
319,,Fat,0 g,,,,,,,,,
320,,Fiber,0 g,,,,,,,,,
321,,Carbs,0 g,,,,,,,,,
322,,Sodium,0 mg,,,,,,,,,
323,,Protein,0 g,,,,,,,,,
324,,Water,0 fl oz,,,,,,,,,
325,Food Log 20180826,,,,,,,,,,,
326,Daily Totals,,,,,,,,,,,
327,,Calories,0,,,,,,,,,
328,,Fat,0 g,,,,,,,,,
329,,Fiber,0 g,,,,,,,,,
330,,Carbs,0 g,,,,,,,,,
331,,Sodium,0 mg,,,,,,,,,
332,,Protein,0 g,,,,,,,,,
333,,Water,0 fl oz,,,,,,,,,
0,Foods,,,,,,,,,,,
1,Date,Calories In,,,,,,,,,,
2,2018-06-27,0,,,,,,,,,,
3,2018-06-28,0,,,,,,,,,,
4,2018-06-29,0,,,,,,,,,,
5,2018-06-30,0,,,,,,,,,,
6,2018-07-01,0,,,,,,,,,,
7,2018-07-02,0,,,,,,,,,,
8,2018-07-03,0,,,,,,,,,,
9,2018-07-04,0,,,,,,,,,,
10,2018-07-05,0,,,,,,,,,,
11,2018-07-06,0,,,,,,,,,,
12,2018-07-07,0,,,,,,,,,,
13,2018-07-08,0,,,,,,,,,,
14,2018-07-09,0,,,,,,,,,,
15,2018-07-10,0,,,,,,,,,,
16,2018-07-11,0,,,,,,,,,,
17,2018-07-12,0,,,,,,,,,,
18,2018-07-13,0,,,,,,,,,,
19,2018-07-14,0,,,,,,,,,,
20,2018-07-15,0,,,,,,,,,,
21,2018-07-16,0,,,,,,,,,,
22,2018-07-17,0,,,,,,,,,,
23,2018-07-18,0,,,,,,,,,,
24,2018-07-19,0,,,,,,,,,,
25,2018-07-20,0,,,,,,,,,,
26,2018-07-21,0,,,,,,,,,,
27,2018-07-22,0,,,,,,,,,,
28,2018-07-23,0,,,,,,,,,,
29,2018-07-24,0,,,,,,,,,,
30,2018-07-25,0,,,,,,,,,,
31,2018-07-26,0,,,,,,,,,,
32,2018-07-27,0,,,,,,,,,,
33,Activities,,,,,,,,,,,
34,Date,Calories Burned,Steps,Distance,Floors,Minutes Sedentary,Minutes Lightly Active,Minutes Fairly Active,Minutes Very Active,Activity Calories,,
35,2018-06-27,"2,145",0,0,0,"1,440",0,0,0,0,,
36,2018-06-28,"2,145",0,0,0,"1,440",0,0,0,0,,
37,2018-06-29,"2,180",0,0,0,"1,437",3,0,0,39,,
38,2018-06-30,"2,145",0,0,0,"1,440",0,0,0,0,,
39,2018-07-01,"3,090","4,714",2.22,4,"1,005",232,0,0,"1,125",,
40,2018-07-02,"2,204",172,0.08,0,"1,024",12,0,0,67,,
41,2018-07-03,"2,144",0,0,0,"1,440",0,0,0,0,,
42,2018-07-04,"2,183",0,0,0,"1,438",2,0,0,42,,
43,2018-07-05,"2,153",0,0,0,"1,439",1,0,0,10,,
44,2018-07-06,"2,144",0,0,0,"1,440",0,0,0,0,,
45,2018-07-07,"3,275","6,775",3.2,4,"1,050",133,52,14,"1,289",,
46,2018-07-08,"3,149","5,221",2.46,5,821,215,11,3,"1,196",,
47,2018-07-09,"3,476","6,694",3.16,6,673,240,9,11,"1,457",,
48,2018-07-10,"3,562","7,253",3.42,5,790,228,4,21,"1,530",,
49,2018-07-11,"3,553","6,997",3.3,7,701,214,21,14,"1,495",,
50,2018-07-12,"3,750","7,520",3.55,1,576,294,0,0,"1,787",,
51,2018-07-13,"3,641","7,432",3.51,1,798,206,32,27,"1,627",,
52,2018-07-14,"3,622","11,239",5.3,10,709,203,39,35,"1,770",,
53,2018-07-15,"3,315","6,077",2.87,10,654,169,29,20,"1,354",,
54,2018-07-16,"4,037","10,551",4.98,4,714,204,51,47,"2,084",,
55,2018-07-17,"3,760","8,377",3.95,12,646,258,8,25,"1,803",,
56,2018-07-18,"3,509","7,504",3.54,4,754,222,20,3,"1,502",,
57,2018-07-19,"3,993","9,484",4.47,4,"1,116",243,57,24,"2,093",,
58,2018-07-20,"3,110","6,680",3.15,3,"1,262",136,28,14,"1,172",,
59,2018-07-21,"3,983","12,279",5.79,10,569,184,37,83,"2,162",,
60,2018-07-22,"3,883","13,418",6.33,19,839,210,16,69,"2,015",,
61,2018-07-23,"3,553","9,203",4.34,5,748,204,23,31,"1,597",,
62,2018-07-24,"3,510","9,215",4.35,6,"1,203",193,15,29,"1,551",,
63,2018-07-25,"3,069","5,666",2.67,8,"1,253",176,4,7,"1,062",,
64,2018-07-26,"3,864","12,467",5.88,10,704,214,11,58,"1,962",,
65,2018-07-27,"4,618","16,306",7.73,18,634,244,29,111,"2,832",,
66,Food Log 20180627,,,,,,,,,,,
67,Daily Totals,,,,,,,,,,,
68,,Calories,0,,,,,,,,,
69,,Fat,0 g,,,,,,,,,
70,,Fiber,0 g,,,,,,,,,
71,,Carbs,0 g,,,,,,,,,
72,,Sodium,0 mg,,,,,,,,,
73,,Protein,0 g,,,,,,,,,
74,,Water,0 fl oz,,,,,,,,,
75,Food Log 20180628,,,,,,,,,,,
76,Daily Totals,,,,,,,,,,,
77,,Calories,0,,,,,,,,,
78,,Fat,0 g,,,,,,,,,
79,,Fiber,0 g,,,,,,,,,
80,,Carbs,0 g,,,,,,,,,
81,,Sodium,0 mg,,,,,,,,,
82,,Protein,0 g,,,,,,,,,
83,,Water,0 fl oz,,,,,,,,,
84,Food Log 20180629,,,,,,,,,,,
85,Daily Totals,,,,,,,,,,,
86,,Calories,0,,,,,,,,,
87,,Fat,0 g,,,,,,,,,
88,,Fiber,0 g,,,,,,,,,
89,,Carbs,0 g,,,,,,,,,
90,,Sodium,0 mg,,,,,,,,,
91,,Protein,0 g,,,,,,,,,
92,,Water,0 fl oz,,,,,,,,,
93,Food Log 20180630,,,,,,,,,,,
94,Daily Totals,,,,,,,,,,,
95,,Calories,0,,,,,,,,,
96,,Fat,0 g,,,,,,,,,
97,,Fiber,0 g,,,,,,,,,
98,,Carbs,0 g,,,,,,,,,
99,,Sodium,0 mg,,,,,,,,,
100,,Protein,0 g,,,,,,,,,
101,,Water,0 fl oz,,,,,,,,,
102,Food Log 20180701,,,,,,,,,,,
103,Daily Totals,,,,,,,,,,,
104,,Calories,0,,,,,,,,,
105,,Fat,0 g,,,,,,,,,
106,,Fiber,0 g,,,,,,,,,
107,,Carbs,0 g,,,,,,,,,
108,,Sodium,0 mg,,,,,,,,,
109,,Protein,0 g,,,,,,,,,
110,,Water,0 fl oz,,,,,,,,,
111,Food Log 20180702,,,,,,,,,,,
112,Daily Totals,,,,,,,,,,,
113,,Calories,0,,,,,,,,,
114,,Fat,0 g,,,,,,,,,
115,,Fiber,0 g,,,,,,,,,
116,,Carbs,0 g,,,,,,,,,
117,,Sodium,0 mg,,,,,,,,,
118,,Protein,0 g,,,,,,,,,
119,,Water,0 fl oz,,,,,,,,,
120,Food Log 20180703,,,,,,,,,,,
121,Daily Totals,,,,,,,,,,,
122,,Calories,0,,,,,,,,,
123,,Fat,0 g,,,,,,,,,
124,,Fiber,0 g,,,,,,,,,
125,,Carbs,0 g,,,,,,,,,
126,,Sodium,0 mg,,,,,,,,,
127,,Protein,0 g,,,,,,,,,
128,,Water,0 fl oz,,,,,,,,,
129,Food Log 20180704,,,,,,,,,,,
130,Daily Totals,,,,,,,,,,,
131,,Calories,0,,,,,,,,,
132,,Fat,0 g,,,,,,,,,
133,,Fiber,0 g,,,,,,,,,
134,,Carbs,0 g,,,,,,,,,
135,,Sodium,0 mg,,,,,,,,,
136,,Protein,0 g,,,,,,,,,
137,,Water,0 fl oz,,,,,,,,,
138,Food Log 20180705,,,,,,,,,,,
139,Daily Totals,,,,,,,,,,,
140,,Calories,0,,,,,,,,,
141,,Fat,0 g,,,,,,,,,
142,,Fiber,0 g,,,,,,,,,
143,,Carbs,0 g,,,,,,,,,
144,,Sodium,0 mg,,,,,,,,,
145,,Protein,0 g,,,,,,,,,
146,,Water,0 fl oz,,,,,,,,,
147,Food Log 20180706,,,,,,,,,,,
148,Daily Totals,,,,,,,,,,,
149,,Calories,0,,,,,,,,,
150,,Fat,0 g,,,,,,,,,
151,,Fiber,0 g,,,,,,,,,
152,,Carbs,0 g,,,,,,,,,
153,,Sodium,0 mg,,,,,,,,,
154,,Protein,0 g,,,,,,,,,
155,,Water,0 fl oz,,,,,,,,,
156,Food Log 20180707,,,,,,,,,,,
157,Daily Totals,,,,,,,,,,,
158,,Calories,0,,,,,,,,,
159,,Fat,0 g,,,,,,,,,
160,,Fiber,0 g,,,,,,,,,
161,,Carbs,0 g,,,,,,,,,
162,,Sodium,0 mg,,,,,,,,,
163,,Protein,0 g,,,,,,,,,
164,,Water,0 fl oz,,,,,,,,,
165,Food Log 20180708,,,,,,,,,,,
166,Daily Totals,,,,,,,,,,,
167,,Calories,0,,,,,,,,,
168,,Fat,0 g,,,,,,,,,
169,,Fiber,0 g,,,,,,,,,
170,,Carbs,0 g,,,,,,,,,
171,,Sodium,0 mg,,,,,,,,,
172,,Protein,0 g,,,,,,,,,
173,,Water,0 fl oz,,,,,,,,,
174,Food Log 20180709,,,,,,,,,,,
175,Daily Totals,,,,,,,,,,,
176,,Calories,0,,,,,,,,,
177,,Fat,0 g,,,,,,,,,
178,,Fiber,0 g,,,,,,,,,
179,,Carbs,0 g,,,,,,,,,
180,,Sodium,0 mg,,,,,,,,,
181,,Protein,0 g,,,,,,,,,
182,,Water,0 fl oz,,,,,,,,,
183,Food Log 20180710,,,,,,,,,,,
184,Daily Totals,,,,,,,,,,,
185,,Calories,0,,,,,,,,,
186,,Fat,0 g,,,,,,,,,
187,,Fiber,0 g,,,,,,,,,
188,,Carbs,0 g,,,,,,,,,
189,,Sodium,0 mg,,,,,,,,,
190,,Protein,0 g,,,,,,,,,
191,,Water,0 fl oz,,,,,,,,,
192,Food Log 20180711,,,,,,,,,,,
193,Daily Totals,,,,,,,,,,,
194,,Calories,0,,,,,,,,,
195,,Fat,0 g,,,,,,,,,
196,,Fiber,0 g,,,,,,,,,
197,,Carbs,0 g,,,,,,,,,
198,,Sodium,0 mg,,,,,,,,,
199,,Protein,0 g,,,,,,,,,
200,,Water,0 fl oz,,,,,,,,,
201,Food Log 20180712,,,,,,,,,,,
202,Daily Totals,,,,,,,,,,,
203,,Calories,0,,,,,,,,,
204,,Fat,0 g,,,,,,,,,
205,,Fiber,0 g,,,,,,,,,
206,,Carbs,0 g,,,,,,,,,
207,,Sodium,0 mg,,,,,,,,,
208,,Protein,0 g,,,,,,,,,
209,,Water,0 fl oz,,,,,,,,,
210,Food Log 20180713,,,,,,,,,,,
211,Daily Totals,,,,,,,,,,,
212,,Calories,0,,,,,,,,,
213,,Fat,0 g,,,,,,,,,
214,,Fiber,0 g,,,,,,,,,
215,,Carbs,0 g,,,,,,,,,
216,,Sodium,0 mg,,,,,,,,,
217,,Protein,0 g,,,,,,,,,
218,,Water,0 fl oz,,,,,,,,,
219,Food Log 20180714,,,,,,,,,,,
220,Daily Totals,,,,,,,,,,,
221,,Calories,0,,,,,,,,,
222,,Fat,0 g,,,,,,,,,
223,,Fiber,0 g,,,,,,,,,
224,,Carbs,0 g,,,,,,,,,
225,,Sodium,0 mg,,,,,,,,,
226,,Protein,0 g,,,,,,,,,
227,,Water,0 fl oz,,,,,,,,,
228,Food Log 20180715,,,,,,,,,,,
229,Daily Totals,,,,,,,,,,,
230,,Calories,0,,,,,,,,,
231,,Fat,0 g,,,,,,,,,
232,,Fiber,0 g,,,,,,,,,
233,,Carbs,0 g,,,,,,,,,
234,,Sodium,0 mg,,,,,,,,,
235,,Protein,0 g,,,,,,,,,
236,,Water,0 fl oz,,,,,,,,,
237,Food Log 20180716,,,,,,,,,,,
238,Daily Totals,,,,,,,,,,,
239,,Calories,0,,,,,,,,,
240,,Fat,0 g,,,,,,,,,
241,,Fiber,0 g,,,,,,,,,
242,,Carbs,0 g,,,,,,,,,
243,,Sodium,0 mg,,,,,,,,,
244,,Protein,0 g,,,,,,,,,
245,,Water,0 fl oz,,,,,,,,,
246,Food Log 20180717,,,,,,,,,,,
247,Daily Totals,,,,,,,,,,,
248,,Calories,0,,,,,,,,,
249,,Fat,0 g,,,,,,,,,
250,,Fiber,0 g,,,,,,,,,
251,,Carbs,0 g,,,,,,,,,
252,,Sodium,0 mg,,,,,,,,,
253,,Protein,0 g,,,,,,,,,
254,,Water,0 fl oz,,,,,,,,,
255,Food Log 20180718,,,,,,,,,,,
256,Daily Totals,,,,,,,,,,,
257,,Calories,0,,,,,,,,,
258,,Fat,0 g,,,,,,,,,
259,,Fiber,0 g,,,,,,,,,
260,,Carbs,0 g,,,,,,,,,
261,,Sodium,0 mg,,,,,,,,,
262,,Protein,0 g,,,,,,,,,
263,,Water,0 fl oz,,,,,,,,,
264,Food Log 20180719,,,,,,,,,,,
265,Daily Totals,,,,,,,,,,,
266,,Calories,0,,,,,,,,,
267,,Fat,0 g,,,,,,,,,
268,,Fiber,0 g,,,,,,,,,
269,,Carbs,0 g,,,,,,,,,
270,,Sodium,0 mg,,,,,,,,,
271,,Protein,0 g,,,,,,,,,
272,,Water,0 fl oz,,,,,,,,,
273,Food Log 20180720,,,,,,,,,,,
274,Daily Totals,,,,,,,,,,,
275,,Calories,0,,,,,,,,,
276,,Fat,0 g,,,,,,,,,
277,,Fiber,0 g,,,,,,,,,
278,,Carbs,0 g,,,,,,,,,
279,,Sodium,0 mg,,,,,,,,,
280,,Protein,0 g,,,,,,,,,
281,,Water,0 fl oz,,,,,,,,,
282,Food Log 20180721,,,,,,,,,,,
283,Daily Totals,,,,,,,,,,,
284,,Calories,0,,,,,,,,,
285,,Fat,0 g,,,,,,,,,
286,,Fiber,0 g,,,,,,,,,
287,,Carbs,0 g,,,,,,,,,
288,,Sodium,0 mg,,,,,,,,,
289,,Protein,0 g,,,,,,,,,
290,,Water,0 fl oz,,,,,,,,,
291,Food Log 20180722,,,,,,,,,,,
292,Daily Totals,,,,,,,,,,,
293,,Calories,0,,,,,,,,,
294,,Fat,0 g,,,,,,,,,
295,,Fiber,0 g,,,,,,,,,
296,,Carbs,0 g,,,,,,,,,
297,,Sodium,0 mg,,,,,,,,,
298,,Protein,0 g,,,,,,,,,
299,,Water,0 fl oz,,,,,,,,,
300,Food Log 20180723,,,,,,,,,,,
301,Daily Totals,,,,,,,,,,,
302,,Calories,0,,,,,,,,,
303,,Fat,0 g,,,,,,,,,
304,,Fiber,0 g,,,,,,,,,
305,,Carbs,0 g,,,,,,,,,
306,,Sodium,0 mg,,,,,,,,,
307,,Protein,0 g,,,,,,,,,
308,,Water,0 fl oz,,,,,,,,,
309,Food Log 20180724,,,,,,,,,,,
310,Daily Totals,,,,,,,,,,,
311,,Calories,0,,,,,,,,,
312,,Fat,0 g,,,,,,,,,
313,,Fiber,0 g,,,,,,,,,
314,,Carbs,0 g,,,,,,,,,
315,,Sodium,0 mg,,,,,,,,,
316,,Protein,0 g,,,,,,,,,
317,,Water,0 fl oz,,,,,,,,,
318,Food Log 20180725,,,,,,,,,,,
319,Daily Totals,,,,,,,,,,,
320,,Calories,0,,,,,,,,,
321,,Fat,0 g,,,,,,,,,
322,,Fiber,0 g,,,,,,,,,
323,,Carbs,0 g,,,,,,,,,
324,,Sodium,0 mg,,,,,,,,,
325,,Protein,0 g,,,,,,,,,
326,,Water,0 fl oz,,,,,,,,,
327,Food Log 20180726,,,,,,,,,,,
328,Daily Totals,,,,,,,,,,,
329,,Calories,0,,,,,,,,,
330,,Fat,0 g,,,,,,,,,
331,,Fiber,0 g,,,,,,,,,
332,,Carbs,0 g,,,,,,,,,
333,,Sodium,0 mg,,,,,,,,,
334,,Protein,0 g,,,,,,,,,
335,,Water,0 fl oz,,,,,,,,,
336,Food Log 20180727,,,,,,,,,,,
337,Daily Totals,,,,,,,,,,,
338,,Calories,0,,,,,,,,,
339,,Fat,0 g,,,,,,,,,
340,,Fiber,0 g,,,,,,,,,
341,,Carbs,0 g,,,,,,,,,
342,,Sodium,0 mg,,,,,,,,,
343,,Protein,0 g,,,,,,,,,
344,,Water,0 fl oz,,,,,,,,,
0,Foods,,,,,,,,,,,
1,Date,Calories In,,,,,,,,,,
2,2018-04-26,0,,,,,,,,,,
3,2018-04-27,0,,,,,,,,,,
4,2018-04-28,0,,,,,,,,,,
5,2018-04-29,0,,,,,,,,,,
6,2018-04-30,0,,,,,,,,,,
7,2018-05-01,0,,,,,,,,,,
8,2018-05-02,0,,,,,,,,,,
9,2018-05-03,0,,,,,,,,,,
10,2018-05-04,0,,,,,,,,,,
11,2018-05-05,0,,,,,,,,,,
12,2018-05-06,0,,,,,,,,,,
13,2018-05-07,0,,,,,,,,,,
14,2018-05-08,0,,,,,,,,,,
15,2018-05-09,0,,,,,,,,,,
16,2018-05-10,0,,,,,,,,,,
17,2018-05-11,0,,,,,,,,,,
18,2018-05-12,0,,,,,,,,,,
19,2018-05-13,0,,,,,,,,,,
20,2018-05-14,0,,,,,,,,,,
21,2018-05-15,0,,,,,,,,,,
22,2018-05-16,0,,,,,,,,,,
23,2018-05-17,0,,,,,,,,,,
24,2018-05-18,0,,,,,,,,,,
25,2018-05-19,0,,,,,,,,,,
26,2018-05-20,0,,,,,,,,,,
27,2018-05-21,0,,,,,,,,,,
28,2018-05-22,0,,,,,,,,,,
29,2018-05-23,0,,,,,,,,,,
30,2018-05-24,0,,,,,,,,,,
31,2018-05-25,0,,,,,,,,,,
32,2018-05-26,0,,,,,,,,,,
33,Activities,,,,,,,,,,,
34,Date,Calories Burned,Steps,Distance,Floors,Minutes Sedentary,Minutes Lightly Active,Minutes Fairly Active,Minutes Very Active,Activity Calories,,
35,2018-04-26,"2,635","2,931",1.38,2,"1,347",93,0,0,566,,
36,2018-04-27,"3,649","9,971",4.7,19,"1,158",219,46,17,"1,752",,
37,2018-04-28,"3,379","3,521",1.66,2,702,155,22,11,"1,124",,
38,2018-04-29,"2,851","1,639",0.77,0,891,122,0,0,602,,
39,2018-04-30,"2,825","1,323",0.62,0,880,104,0,0,540,,
40,2018-05-01,"3,292","2,581",1.22,0,919,167,13,2,"1,068",,
41,2018-05-02,"2,660","1,372",0.65,0,927,90,0,0,419,,
42,2018-05-03,"3,121","2,232",1.05,0,876,157,16,0,"1,006",,
43,2018-05-04,"2,522",904,0.43,1,"1,012",61,0,0,269,,
44,2018-05-05,"2,551",833,0.39,0,969,68,0,0,326,,
45,2018-05-06,"2,771","1,383",0.65,0,976,103,0,0,506,,
46,2018-05-07,"2,524",952,0.45,0,907,63,0,0,283,,
47,2018-05-08,"2,591","1,187",0.56,2,"1,221",53,17,2,410,,
48,2018-05-09,"2,153",21,0.01,0,"1,438",2,0,0,8,,
49,2018-05-10,"3,081","1,364",0.64,0,"1,295",136,5,4,924,,
50,2018-05-11,"2,950","2,771",1.31,1,947,130,0,0,727,,
51,2018-05-12,"3,318","4,125",1.95,2,756,184,4,7,"1,113",,
52,2018-05-13,"2,572","1,689",0.8,0,895,84,0,0,394,,
53,2018-05-14,"2,966","3,710",1.75,0,959,119,19,0,794,,
54,2018-05-15,"3,152","4,313",2.03,0,767,183,9,0,"1,011",,
55,2018-05-16,"3,497","5,882",2.77,1,825,234,5,6,"1,396",,
56,2018-05-17,"3,066","4,080",1.92,4,867,158,0,0,897,,
57,2018-05-18,"4,376","13,958",6.58,7,682,178,67,92,"2,549",,
58,2018-05-19,"4,112","14,917",7.04,7,646,193,34,89,"2,228",,
59,2018-05-20,"3,098","4,986",2.35,3,795,174,5,6,978,,
60,2018-05-21,"3,009","3,989",1.88,3,727,182,0,0,932,,
61,2018-05-22,"3,581","4,680",2.21,1,625,209,33,2,"1,460",,
62,2018-05-23,"3,772","6,889",3.25,0,921,241,42,14,"1,765",,
63,2018-05-24,"2,756","3,470",1.64,0,804,143,0,0,723,,
64,2018-05-25,"3,155","5,389",2.54,1,821,145,32,13,"1,127",,
65,2018-05-26,"3,121","4,092",1.93,2,"1,258",172,7,3,999,,
66,Food Log 20180426,,,,,,,,,,,
67,Daily Totals,,,,,,,,,,,
68,,Calories,0,,,,,,,,,
69,,Fat,0 g,,,,,,,,,
70,,Fiber,0 g,,,,,,,,,
71,,Carbs,0 g,,,,,,,,,
72,,Sodium,0 mg,,,,,,,,,
73,,Protein,0 g,,,,,,,,,
74,,Water,0 fl oz,,,,,,,,,
75,Food Log 20180427,,,,,,,,,,,
76,Daily Totals,,,,,,,,,,,
77,,Calories,0,,,,,,,,,
78,,Fat,0 g,,,,,,,,,
79,,Fiber,0 g,,,,,,,,,
80,,Carbs,0 g,,,,,,,,,
81,,Sodium,0 mg,,,,,,,,,
82,,Protein,0 g,,,,,,,,,
83,,Water,0 fl oz,,,,,,,,,
84,Food Log 20180428,,,,,,,,,,,
85,Daily Totals,,,,,,,,,,,
86,,Calories,0,,,,,,,,,
87,,Fat,0 g,,,,,,,,,
88,,Fiber,0 g,,,,,,,,,
89,,Carbs,0 g,,,,,,,,,
90,,Sodium,0 mg,,,,,,,,,
91,,Protein,0 g,,,,,,,,,
92,,Water,0 fl oz,,,,,,,,,
93,Food Log 20180429,,,,,,,,,,,
94,Daily Totals,,,,,,,,,,,
95,,Calories,0,,,,,,,,,
96,,Fat,0 g,,,,,,,,,
97,,Fiber,0 g,,,,,,,,,
98,,Carbs,0 g,,,,,,,,,
99,,Sodium,0 mg,,,,,,,,,
100,,Protein,0 g,,,,,,,,,
101,,Water,0 fl oz,,,,,,,,,
102,Food Log 20180430,,,,,,,,,,,
103,Daily Totals,,,,,,,,,,,
104,,Calories,0,,,,,,,,,
105,,Fat,0 g,,,,,,,,,
106,,Fiber,0 g,,,,,,,,,
107,,Carbs,0 g,,,,,,,,,
108,,Sodium,0 mg,,,,,,,,,
109,,Protein,0 g,,,,,,,,,
110,,Water,0 fl oz,,,,,,,,,
111,Food Log 20180501,,,,,,,,,,,
112,Daily Totals,,,,,,,,,,,
113,,Calories,0,,,,,,,,,
114,,Fat,0 g,,,,,,,,,
115,,Fiber,0 g,,,,,,,,,
116,,Carbs,0 g,,,,,,,,,
117,,Sodium,0 mg,,,,,,,,,
118,,Protein,0 g,,,,,,,,,
119,,Water,0 fl oz,,,,,,,,,
120,Food Log 20180502,,,,,,,,,,,
121,Daily Totals,,,,,,,,,,,
122,,Calories,0,,,,,,,,,
123,,Fat,0 g,,,,,,,,,
124,,Fiber,0 g,,,,,,,,,
125,,Carbs,0 g,,,,,,,,,
126,,Sodium,0 mg,,,,,,,,,
127,,Protein,0 g,,,,,,,,,
128,,Water,0 fl oz,,,,,,,,,
129,Food Log 20180503,,,,,,,,,,,
130,Daily Totals,,,,,,,,,,,
131,,Calories,0,,,,,,,,,
132,,Fat,0 g,,,,,,,,,
133,,Fiber,0 g,,,,,,,,,
134,,Carbs,0 g,,,,,,,,,
135,,Sodium,0 mg,,,,,,,,,
136,,Protein,0 g,,,,,,,,,
137,,Water,0 fl oz,,,,,,,,,
138,Food Log 20180504,,,,,,,,,,,
139,Daily Totals,,,,,,,,,,,
140,,Calories,0,,,,,,,,,
141,,Fat,0 g,,,,,,,,,
142,,Fiber,0 g,,,,,,,,,
143,,Carbs,0 g,,,,,,,,,
144,,Sodium,0 mg,,,,,,,,,
145,,Protein,0 g,,,,,,,,,
146,,Water,0 fl oz,,,,,,,,,
147,Food Log 20180505,,,,,,,,,,,
148,Daily Totals,,,,,,,,,,,
149,,Calories,0,,,,,,,,,
150,,Fat,0 g,,,,,,,,,
151,,Fiber,0 g,,,,,,,,,
152,,Carbs,0 g,,,,,,,,,
153,,Sodium,0 mg,,,,,,,,,
154,,Protein,0 g,,,,,,,,,
155,,Water,0 fl oz,,,,,,,,,
156,Food Log 20180506,,,,,,,,,,,
157,Daily Totals,,,,,,,,,,,
158,,Calories,0,,,,,,,,,
159,,Fat,0 g,,,,,,,,,
160,,Fiber,0 g,,,,,,,,,
161,,Carbs,0 g,,,,,,,,,
162,,Sodium,0 mg,,,,,,,,,
163,,Protein,0 g,,,,,,,,,
164,,Water,0 fl oz,,,,,,,,,
165,Food Log 20180507,,,,,,,,,,,
166,Daily Totals,,,,,,,,,,,
167,,Calories,0,,,,,,,,,
168,,Fat,0 g,,,,,,,,,
169,,Fiber,0 g,,,,,,,,,
170,,Carbs,0 g,,,,,,,,,
171,,Sodium,0 mg,,,,,,,,,
172,,Protein,0 g,,,,,,,,,
173,,Water,0 fl oz,,,,,,,,,
174,Food Log 20180508,,,,,,,,,,,
175,Daily Totals,,,,,,,,,,,
176,,Calories,0,,,,,,,,,
177,,Fat,0 g,,,,,,,,,
178,,Fiber,0 g,,,,,,,,,
179,,Carbs,0 g,,,,,,,,,
180,,Sodium,0 mg,,,,,,,,,
181,,Protein,0 g,,,,,,,,,
182,,Water,0 fl oz,,,,,,,,,
183,Food Log 20180509,,,,,,,,,,,
184,Daily Totals,,,,,,,,,,,
185,,Calories,0,,,,,,,,,
186,,Fat,0 g,,,,,,,,,
187,,Fiber,0 g,,,,,,,,,
188,,Carbs,0 g,,,,,,,,,
189,,Sodium,0 mg,,,,,,,,,
190,,Protein,0 g,,,,,,,,,
191,,Water,0 fl oz,,,,,,,,,
192,Food Log 20180510,,,,,,,,,,,
193,Daily Totals,,,,,,,,,,,
194,,Calories,0,,,,,,,,,
195,,Fat,0 g,,,,,,,,,
196,,Fiber,0 g,,,,,,,,,
197,,Carbs,0 g,,,,,,,,,
198,,Sodium,0 mg,,,,,,,,,
199,,Protein,0 g,,,,,,,,,
200,,Water,0 fl oz,,,,,,,,,
201,Food Log 20180511,,,,,,,,,,,
202,Daily Totals,,,,,,,,,,,
203,,Calories,0,,,,,,,,,
204,,Fat,0 g,,,,,,,,,
205,,Fiber,0 g,,,,,,,,,
206,,Carbs,0 g,,,,,,,,,
207,,Sodium,0 mg,,,,,,,,,
208,,Protein,0 g,,,,,,,,,
209,,Water,0 fl oz,,,,,,,,,
210,Food Log 20180512,,,,,,,,,,,
211,Daily Totals,,,,,,,,,,,
212,,Calories,0,,,,,,,,,
213,,Fat,0 g,,,,,,,,,
214,,Fiber,0 g,,,,,,,,,
215,,Carbs,0 g,,,,,,,,,
216,,Sodium,0 mg,,,,,,,,,
217,,Protein,0 g,,,,,,,,,
218,,Water,0 fl oz,,,,,,,,,
219,Food Log 20180513,,,,,,,,,,,
220,Daily Totals,,,,,,,,,,,
221,,Calories,0,,,,,,,,,
222,,Fat,0 g,,,,,,,,,
223,,Fiber,0 g,,,,,,,,,
224,,Carbs,0 g,,,,,,,,,
225,,Sodium,0 mg,,,,,,,,,
226,,Protein,0 g,,,,,,,,,
227,,Water,0 fl oz,,,,,,,,,
228,Food Log 20180514,,,,,,,,,,,
229,Daily Totals,,,,,,,,,,,
230,,Calories,0,,,,,,,,,
231,,Fat,0 g,,,,,,,,,
232,,Fiber,0 g,,,,,,,,,
233,,Carbs,0 g,,,,,,,,,
234,,Sodium,0 mg,,,,,,,,,
235,,Protein,0 g,,,,,,,,,
236,,Water,0 fl oz,,,,,,,,,
237,Food Log 20180515,,,,,,,,,,,
238,Daily Totals,,,,,,,,,,,
239,,Calories,0,,,,,,,,,
240,,Fat,0 g,,,,,,,,,
241,,Fiber,0 g,,,,,,,,,
242,,Carbs,0 g,,,,,,,,,
243,,Sodium,0 mg,,,,,,,,,
244,,Protein,0 g,,,,,,,,,
245,,Water,0 fl oz,,,,,,,,,
246,Food Log 20180516,,,,,,,,,,,
247,Daily Totals,,,,,,,,,,,
248,,Calories,0,,,,,,,,,
249,,Fat,0 g,,,,,,,,,
250,,Fiber,0 g,,,,,,,,,
251,,Carbs,0 g,,,,,,,,,
252,,Sodium,0 mg,,,,,,,,,
253,,Protein,0 g,,,,,,,,,
254,,Water,0 fl oz,,,,,,,,,
255,Food Log 20180517,,,,,,,,,,,
256,Daily Totals,,,,,,,,,,,
257,,Calories,0,,,,,,,,,
258,,Fat,0 g,,,,,,,,,
259,,Fiber,0 g,,,,,,,,,
260,,Carbs,0 g,,,,,,,,,
261,,Sodium,0 mg,,,,,,,,,
262,,Protein,0 g,,,,,,,,,
263,,Water,0 fl oz,,,,,,,,,
264,Food Log 20180518,,,,,,,,,,,
265,Daily Totals,,,,,,,,,,,
266,,Calories,0,,,,,,,,,
267,,Fat,0 g,,,,,,,,,
268,,Fiber,0 g,,,,,,,,,
269,,Carbs,0 g,,,,,,,,,
270,,Sodium,0 mg,,,,,,,,,
271,,Protein,0 g,,,,,,,,,
272,,Water,0 fl oz,,,,,,,,,
273,Food Log 20180519,,,,,,,,,,,
274,Daily Totals,,,,,,,,,,,
275,,Calories,0,,,,,,,,,
276,,Fat,0 g,,,,,,,,,
277,,Fiber,0 g,,,,,,,,,
278,,Carbs,0 g,,,,,,,,,
279,,Sodium,0 mg,,,,,,,,,
280,,Protein,0 g,,,,,,,,,
281,,Water,0 fl oz,,,,,,,,,
282,Food Log 20180520,,,,,,,,,,,
283,Daily Totals,,,,,,,,,,,
284,,Calories,0,,,,,,,,,
285,,Fat,0 g,,,,,,,,,
286,,Fiber,0 g,,,,,,,,,
287,,Carbs,0 g,,,,,,,,,
288,,Sodium,0 mg,,,,,,,,,
289,,Protein,0 g,,,,,,,,,
290,,Water,0 fl oz,,,,,,,,,
291,Food Log 20180521,,,,,,,,,,,
292,Daily Totals,,,,,,,,,,,
293,,Calories,0,,,,,,,,,
294,,Fat,0 g,,,,,,,,,
295,,Fiber,0 g,,,,,,,,,
296,,Carbs,0 g,,,,,,,,,
297,,Sodium,0 mg,,,,,,,,,
298,,Protein,0 g,,,,,,,,,
299,,Water,0 fl oz,,,,,,,,,
300,Food Log 20180522,,,,,,,,,,,
301,Daily Totals,,,,,,,,,,,
302,,Calories,0,,,,,,,,,
303,,Fat,0 g,,,,,,,,,
304,,Fiber,0 g,,,,,,,,,
305,,Carbs,0 g,,,,,,,,,
306,,Sodium,0 mg,,,,,,,,,
307,,Protein,0 g,,,,,,,,,
308,,Water,0 fl oz,,,,,,,,,
309,Food Log 20180523,,,,,,,,,,,
310,Daily Totals,,,,,,,,,,,
311,,Calories,0,,,,,,,,,
312,,Fat,0 g,,,,,,,,,
313,,Fiber,0 g,,,,,,,,,
314,,Carbs,0 g,,,,,,,,,
315,,Sodium,0 mg,,,,,,,,,
316,,Protein,0 g,,,,,,,,,
317,,Water,0 fl oz,,,,,,,,,
318,Food Log 20180524,,,,,,,,,,,
319,Daily Totals,,,,,,,,,,,
320,,Calories,0,,,,,,,,,
321,,Fat,0 g,,,,,,,,,
322,,Fiber,0 g,,,,,,,,,
323,,Carbs,0 g,,,,,,,,,
324,,Sodium,0 mg,,,,,,,,,
325,,Protein,0 g,,,,,,,,,
326,,Water,0 fl oz,,,,,,,,,
327,Food Log 20180525,,,,,,,,,,,
328,Daily Totals,,,,,,,,,,,
329,,Calories,0,,,,,,,,,
330,,Fat,0 g,,,,,,,,,
331,,Fiber,0 g,,,,,,,,,
332,,Carbs,0 g,,,,,,,,,
333,,Sodium,0 mg,,,,,,,,,
334,,Protein,0 g,,,,,,,,,
335,,Water,0 fl oz,,,,,,,,,
336,Food Log 20180526,,,,,,,,,,,
337,Daily Totals,,,,,,,,,,,
338,,Calories,0,,,,,,,,,
339,,Fat,0 g,,,,,,,,,
340,,Fiber,0 g,,,,,,,,,
341,,Carbs,0 g,,,,,,,,,
342,,Sodium,0 mg,,,,,,,,,
343,,Protein,0 g,,,,,,,,,
344,,Water,0 fl oz,,,,,,,,,
0,Foods,,,,,,,,,,,
1,Date,Calories In,,,,,,,,,,
2,2018-10-28,0,,,,,,,,,,
3,2018-10-29,0,,,,,,,,,,
4,2018-10-30,0,,,,,,,,,,
5,2018-10-31,0,,,,,,,,,,
6,2018-11-01,0,,,,,,,,,,
7,2018-11-02,0,,,,,,,,,,
8,2018-11-03,"2,037",,,,,,,,,,
9,2018-11-04,"2,069",,,,,,,,,,
10,2018-11-05,"2,159",,,,,,,,,,
11,2018-11-06,600,,,,,,,,,,
12,2018-11-07,"1,471",,,,,,,,,,
13,2018-11-08,0,,,,,,,,,,
14,2018-11-09,807,,,,,,,,,,
15,2018-11-10,"2,276",,,,,,,,,,
16,2018-11-11,0,,,,,,,,,,
17,2018-11-12,0,,,,,,,,,,
18,2018-11-13,0,,,,,,,,,,
19,2018-11-14,0,,,,,,,,,,
20,2018-11-15,0,,,,,,,,,,
21,2018-11-16,0,,,,,,,,,,
22,2018-11-17,0,,,,,,,,,,
23,2018-11-18,0,,,,,,,,,,
24,2018-11-19,0,,,,,,,,,,
25,2018-11-20,0,,,,,,,,,,
26,2018-11-21,0,,,,,,,,,,
27,2018-11-22,0,,,,,,,,,,
28,2018-11-23,0,,,,,,,,,,
29,2018-11-24,0,,,,,,,,,,
30,2018-11-25,0,,,,,,,,,,
31,2018-11-26,0,,,,,,,,,,
32,2018-11-27,0,,,,,,,,,,
33,Activities,,,,,,,,,,,
34,Date,Calories Burned,Steps,Distance,Floors,Minutes Sedentary,Minutes Lightly Active,Minutes Fairly Active,Minutes Very Active,Activity Calories,,
35,2018-10-28,"4,450","19,956",9.41,9,632,239,52,112,"2,834",,
36,2018-10-29,"3,566","12,544",5.92,8,665,192,8,66,"1,774",,
37,2018-10-30,"3,572","14,794",6.98,14,771,170,8,93,"1,817",,
38,2018-10-31,"4,147","16,992",8.01,3,604,212,34,85,"2,418",,
39,2018-11-01,"3,448","15,134",7.14,11,698,164,12,80,"1,689",,
40,2018-11-02,"4,126","15,924",7.51,27,487,213,23,93,"2,361",,
41,2018-11-03,"4,174","15,388",7.26,5,662,265,19,85,"2,466",,
42,2018-11-04,"4,578","21,302",10.05,11,561,256,62,99,"2,907",,
43,2018-11-05,"3,710","13,441",6.36,8,666,168,14,85,"1,918",,
44,2018-11-06,"3,801","14,300",6.74,16,659,176,7,88,"1,939",,
45,2018-11-07,"3,681","13,664",6.46,9,566,172,4,82,"1,882",,
46,2018-11-08,"4,137","15,542",7.33,26,716,238,15,86,"2,436",,
47,2018-11-09,"4,445","16,732",7.99,14,698,126,31,131,"2,671",,
48,2018-11-10,"3,863","13,636",7.04,16,589,219,3,77,"2,115",,
49,2018-11-11,"4,264","17,761",8.36,129,486,299,47,76,"2,717",,
50,2018-11-12,"3,444","10,184",4.82,19,651,244,14,40,"1,705",,
51,2018-11-13,"3,202","10,330",4.87,16,615,199,10,26,"1,376",,
52,2018-11-14,"3,081","7,598",3.58,15,835,214,8,12,"1,250",,
53,2018-11-15,"3,815","12,360",5.9,10,644,203,7,69,"2,082",,
54,2018-11-16,"3,780","12,286",5.73,13,576,281,31,42,"2,114",,
55,2018-11-17,"4,548","20,395",10.06,31,464,347,54,90,"3,077",,
56,2018-11-18,"4,832","25,512",12,23,450,269,53,154,"3,373",,
57,2018-11-19,"3,697","11,993",5.56,17,502,255,34,43,"2,062",,
58,2018-11-20,"3,966","15,527",7.27,13,810,196,11,96,"2,260",,
59,2018-11-21,"3,738","11,079",5.16,4,582,328,9,33,"2,101",,
60,2018-11-22,"4,494","16,705",7.84,177,522,284,18,115,"2,868",,
61,2018-11-23,"3,325","9,602",4.53,16,660,269,23,12,"1,619",,
62,2018-11-24,"4,098","17,004",9.2,23,532,217,13,100,"2,428",,
63,2018-11-25,"3,005","6,921",3.26,11,614,281,3,6,"1,306",,
64,2018-11-26,"3,364","10,563",5.64,20,587,210,10,42,"1,605",,
65,2018-11-27,"3,726","13,420",6.29,7,650,196,12,78,"2,027",,
66,Food Log 20181028,,,,,,,,,,,
67,Daily Totals,,,,,,,,,,,
68,,Calories,0,,,,,,,,,
69,,Fat,0 g,,,,,,,,,
70,,Fiber,0 g,,,,,,,,,
71,,Carbs,0 g,,,,,,,,,
72,,Sodium,0 mg,,,,,,,,,
73,,Protein,0 g,,,,,,,,,
74,,Water,0 fl oz,,,,,,,,,
75,Food Log 20181029,,,,,,,,,,,
76,Daily Totals,,,,,,,,,,,
77,,Calories,0,,,,,,,,,
78,,Fat,0 g,,,,,,,,,
79,,Fiber,0 g,,,,,,,,,
80,,Carbs,0 g,,,,,,,,,
81,,Sodium,0 mg,,,,,,,,,
82,,Protein,0 g,,,,,,,,,
83,,Water,0 fl oz,,,,,,,,,
84,Food Log 20181030,,,,,,,,,,,
85,Daily Totals,,,,,,,,,,,
86,,Calories,0,,,,,,,,,
87,,Fat,0 g,,,,,,,,,
88,,Fiber,0 g,,,,,,,,,
89,,Carbs,0 g,,,,,,,,,
90,,Sodium,0 mg,,,,,,,,,
91,,Protein,0 g,,,,,,,,,
92,,Water,0 fl oz,,,,,,,,,
93,Food Log 20181031,,,,,,,,,,,
94,Daily Totals,,,,,,,,,,,
95,,Calories,0,,,,,,,,,
96,,Fat,0 g,,,,,,,,,
97,,Fiber,0 g,,,,,,,,,
98,,Carbs,0 g,,,,,,,,,
99,,Sodium,0 mg,,,,,,,,,
100,,Protein,0 g,,,,,,,,,
101,,Water,0 fl oz,,,,,,,,,
102,Food Log 20181101,,,,,,,,,,,
103,Daily Totals,,,,,,,,,,,
104,,Calories,0,,,,,,,,,
105,,Fat,0 g,,,,,,,,,
106,,Fiber,0 g,,,,,,,,,
107,,Carbs,0 g,,,,,,,,,
108,,Sodium,0 mg,,,,,,,,,
109,,Protein,0 g,,,,,,,,,
110,,Water,0 fl oz,,,,,,,,,
111,Food Log 20181102,,,,,,,,,,,
112,Daily Totals,,,,,,,,,,,
113,,Calories,0,,,,,,,,,
114,,Fat,0 g,,,,,,,,,
115,,Fiber,0 g,,,,,,,,,
116,,Carbs,0 g,,,,,,,,,
117,,Sodium,0 mg,,,,,,,,,
118,,Protein,0 g,,,,,,,,,
119,,Water,0 fl oz,,,,,,,,,
120,Food Log 20181103,,,,,,,,,,,
121,Meal,Food,Calories,,,,,,,,,
122,Lunch,,,,,,,,,,,
123,,"Meatballs, Italian Style",520,,,,,,,,,
124,,Bangkok Peanut Dipping Sauce,133,,,,,,,,,
125,,Flour Tortillas,200,,,,,,,,,
126,Afternoon Snack,,,,,,,,,,,
127,,"Crunchy Chickpeas, Salted Caramel",260,,,,,,,,,
128,,Organic Blackberry Hibiscus Chia Vitality Beverage,120,,,,,,,,,
129,Dinner,,,,,,,,,,,
130,,Whole Milk,113,,,,,,,,,
131,,Cabernet Sauvignon Wine,176,,,,,,,,,
132,,Cheeseburger,273,,,,,,,,,
133,,"Ground Beef, Broiled, 95% Lean",242,,,,,,,,,
134,Daily Totals,,,,,,,,,,,
135,,Calories,"2,037",,,,,,,,,
136,,Fat,76 g,,,,,,,,,
137,,Fiber,13 g,,,,,,,,,
138,,Carbs,187 g,,,,,,,,,
139,,Sodium,"4,628 mg",,,,,,,,,
140,,Protein,94 g,,,,,,,,,
141,,Water,0 fl oz,,,,,,,,,
142,Food Log 20181104,,,,,,,,,,,
143,Meal,Food,Calories,,,,,,,,,
144,Lunch,,,,,,,,,,,
145,,"Delifresh, Turkey Breast, Honey Smoked",199,,,,,,,,,
146,,"Barbecue Sauce, Sweet Golden Mustard",83,,,,,,,,,
147,,Muenster Cheese,180,,,,,,,,,
148,Afternoon Snack,,,,,,,,,,,
149,,Red Wine,180,,,,,,,,,
150,,Lemon Bar,200,,,,,,,,,
151,,"Intense Dark Squares, Sea Salt Soiree",105,,,,,,,,,
152,,Pepperoni Slices,263,,,,,,,,,
153,,"Crunchy Chickpeas, Salted Caramel",390,,,,,,,,,
154,Dinner,,,,,,,,,,,
155,,"Chunky, Savory Pot Roast",240,,,,,,,,,
156,,Spaghetti with Meat Sauce,229,,,,,,,,,
157,Daily Totals,,,,,,,,,,,
158,,Calories,"2,069",,,,,,,,,
159,,Fat,77 g,,,,,,,,,
160,,Fiber,17 g,,,,,,,,,
161,,Carbs,235 g,,,,,,,,,
162,,Sodium,"6,550 mg",,,,,,,,,
163,,Protein,99 g,,,,,,,,,
164,,Water,0 fl oz,,,,,,,,,
165,Food Log 20181105,,,,,,,,,,,
166,Meal,Food,Calories,,,,,,,,,
167,Breakfast,,,,,,,,,,,
168,,Bacon & Egg on Flour,250,,,,,,,,,
169,Lunch,,,,,,,,,,,
170,,Jasmine Long Grain Rice,320,,,,,,,,,
171,,Pulled Pork,421,,,,,,,,,
172,Dinner,,,,,,,,,,,
173,,Pulled Pork,421,,,,,,,,,
174,,Jasmine Long Grain Rice,320,,,,,,,,,
175,After Dinner,,,,,,,,,,,
176,,Low Sodium Lightly Salted,97,,,,,,,,,
177,,Roasted and Salted Peanuts,290,,,,,,,,,
178,,Sea Salt & Almond Mini Chocolate,40,,,,,,,,,
179,Daily Totals,,,,,,,,,,,
180,,Calories,"2,159",,,,,,,,,
181,,Fat,81 g,,,,,,,,,
182,,Fiber,8 g,,,,,,,,,
183,,Carbs,260 g,,,,,,,,,
184,,Sodium,"3,263 mg",,,,,,,,,
185,,Protein,95 g,,,,,,,,,
186,,Water,0 fl oz,,,,,,,,,
187,Food Log 20181106,,,,,,,,,,,
188,Meal,Food,Calories,,,,,,,,,
189,After Dinner,,,,,,,,,,,
190,,Chicken Caesar Salad,600,,,,,,,,,
191,Daily Totals,,,,,,,,,,,
192,,Calories,600,,,,,,,,,
193,,Fat,38 g,,,,,,,,,
194,,Fiber,4 g,,,,,,,,,
195,,Carbs,47 g,,,,,,,,,
196,,Sodium,780 mg,,,,,,,,,
197,,Protein,20 g,,,,,,,,,
198,,Water,0 fl oz,,,,,,,,,
199,Food Log 20181107,,,,,,,,,,,
200,Meal,Food,Calories,,,,,,,,,
201,Lunch,,,,,,,,,,,
202,,Quinoa & Brown Rice with Garlic,480,,,,,,,,,
203,,Vegetable Tikka Masala,264,,,,,,,,,
204,,"Barbecue Sauce, Sweet Golden Mustard",83,,,,,,,,,
205,,Muenster Cheese,240,,,,,,,,,
206,Afternoon Snack,,,,,,,,,,,
207,,"Turkey Breast, Honey Smoked",143,,,,,,,,,
208,,Pepperoni Slices,261,,,,,,,,,
209,Daily Totals,,,,,,,,,,,
210,,Calories,"1,471",,,,,,,,,
211,,Fat,62 g,,,,,,,,,
212,,Fiber,18 g,,,,,,,,,
213,,Carbs,156 g,,,,,,,,,
214,,Sodium,"5,281 mg",,,,,,,,,
215,,Protein,72 g,,,,,,,,,
216,,Water,0 fl oz,,,,,,,,,
217,Food Log 20181108,,,,,,,,,,,
218,Daily Totals,,,,,,,,,,,
219,,Calories,0,,,,,,,,,
220,,Fat,0 g,,,,,,,,,
221,,Fiber,0 g,,,,,,,,,
222,,Carbs,0 g,,,,,,,,,
223,,Sodium,0 mg,,,,,,,,,
224,,Protein,0 g,,,,,,,,,
225,,Water,0 fl oz,,,,,,,,,
226,Food Log 20181109,,,,,,,,,,,
227,Meal,Food,Calories,,,,,,,,,
228,Lunch,,,,,,,,,,,
229,,"Barbecue Sauce, Sweet Golden Mustard",83,,,,,,,,,
230,,"Roast Beef, Ultra Thin",159,,,,,,,,,
231,,Swiss Cheese,315,,,,,,,,,
232,Afternoon Snack,,,,,,,,,,,
233,,Heart Healthy Mix,250,,,,,,,,,
234,Daily Totals,,,,,,,,,,,
235,,Calories,807,,,,,,,,,
236,,Fat,53 g,,,,,,,,,
237,,Fiber,4 g,,,,,,,,,
238,,Carbs,34 g,,,,,,,,,
239,,Sodium,"2,073 mg",,,,,,,,,
240,,Protein,57 g,,,,,,,,,
241,,Water,0 fl oz,,,,,,,,,
242,Food Log 20181110,,,,,,,,,,,
243,Meal,Food,Calories,,,,,,,,,
244,Lunch,,,,,,,,,,,
245,,Potato Skins,90,,,,,,,,,
246,,"Chick Peas, Garbanzos",134,,,,,,,,,
247,,Low Sodium Black Beans,147,,,,,,,,,
248,,"Cranberries, Sweetened Dried, Original",130,,,,,,,,,
249,,Raspberry Walnut Vinaigrette Lite,142,,,,,,,,,
250,,Low Sodium Whole Kernel Corn,80,,,,,,,,,
251,,Organic Quinoa,211,,,,,,,,,
252,,Swiss Cheese,315,,,,,,,,,
253,,"Barbecue Sauce, Sweet Golden Mustard",83,,,,,,,,,
254,Afternoon Snack,,,,,,,,,,,
255,,"Garden Vegetable, Vegetable Classics",201,,,,,,,,,
256,,"BBQ Beans with Sauce, with Beef and Bacon, Texas Style",383,,,,,,,,,
257,Dinner,,,,,,,,,,,
258,,"Hard Salami, Ultra Thin",360,,,,,,,,,
259,Daily Totals,,,,,,,,,,,
260,,Calories,"2,276",,,,,,,,,
261,,Fat,83 g,,,,,,,,,
262,,Fiber,52 g,,,,,,,,,
263,,Carbs,291 g,,,,,,,,,
264,,Sodium,"5,639 mg",,,,,,,,,
265,,Protein,97 g,,,,,,,,,
266,,Water,0 fl oz,,,,,,,,,
267,Food Log 20181111,,,,,,,,,,,
268,Daily Totals,,,,,,,,,,,
269,,Calories,0,,,,,,,,,
270,,Fat,0 g,,,,,,,,,
271,,Fiber,0 g,,,,,,,,,
272,,Carbs,0 g,,,,,,,,,
273,,Sodium,0 mg,,,,,,,,,
274,,Protein,0 g,,,,,,,,,
275,,Water,0 fl oz,,,,,,,,,
276,Food Log 20181112,,,,,,,,,,,
277,Daily Totals,,,,,,,,,,,
278,,Calories,0,,,,,,,,,
279,,Fat,0 g,,,,,,,,,
280,,Fiber,0 g,,,,,,,,,
281,,Carbs,0 g,,,,,,,,,
282,,Sodium,0 mg,,,,,,,,,
283,,Protein,0 g,,,,,,,,,
284,,Water,0 fl oz,,,,,,,,,
285,Food Log 20181113,,,,,,,,,,,
286,Daily Totals,,,,,,,,,,,
287,,Calories,0,,,,,,,,,
288,,Fat,0 g,,,,,,,,,
289,,Fiber,0 g,,,,,,,,,
290,,Carbs,0 g,,,,,,,,,
291,,Sodium,0 mg,,,,,,,,,
292,,Protein,0 g,,,,,,,,,
293,,Water,0 fl oz,,,,,,,,,
294,Food Log 20181114,,,,,,,,,,,
295,Daily Totals,,,,,,,,,,,
296,,Calories,0,,,,,,,,,
297,,Fat,0 g,,,,,,,,,
298,,Fiber,0 g,,,,,,,,,
299,,Carbs,0 g,,,,,,,,,
300,,Sodium,0 mg,,,,,,,,,
301,,Protein,0 g,,,,,,,,,
302,,Water,0 fl oz,,,,,,,,,
303,Food Log 20181115,,,,,,,,,,,
304,Daily Totals,,,,,,,,,,,
305,,Calories,0,,,,,,,,,
306,,Fat,0 g,,,,,,,,,
307,,Fiber,0 g,,,,,,,,,
308,,Carbs,0 g,,,,,,,,,
309,,Sodium,0 mg,,,,,,,,,
310,,Protein,0 g,,,,,,,,,
311,,Water,0 fl oz,,,,,,,,,
312,Food Log 20181116,,,,,,,,,,,
313,Daily Totals,,,,,,,,,,,
314,,Calories,0,,,,,,,,,
315,,Fat,0 g,,,,,,,,,
316,,Fiber,0 g,,,,,,,,,
317,,Carbs,0 g,,,,,,,,,
318,,Sodium,0 mg,,,,,,,,,
319,,Protein,0 g,,,,,,,,,
320,,Water,0 fl oz,,,,,,,,,
321,Food Log 20181117,,,,,,,,,,,
322,Daily Totals,,,,,,,,,,,
323,,Calories,0,,,,,,,,,
324,,Fat,0 g,,,,,,,,,
325,,Fiber,0 g,,,,,,,,,
326,,Carbs,0 g,,,,,,,,,
327,,Sodium,0 mg,,,,,,,,,
328,,Protein,0 g,,,,,,,,,
329,,Water,0 fl oz,,,,,,,,,
330,Food Log 20181118,,,,,,,,,,,
331,Daily Totals,,,,,,,,,,,
332,,Calories,0,,,,,,,,,
333,,Fat,0 g,,,,,,,,,
334,,Fiber,0 g,,,,,,,,,
335,,Carbs,0 g,,,,,,,,,
336,,Sodium,0 mg,,,,,,,,,
337,,Protein,0 g,,,,,,,,,
338,,Water,0 fl oz,,,,,,,,,
339,Food Log 20181119,,,,,,,,,,,
340,Daily Totals,,,,,,,,,,,
341,,Calories,0,,,,,,,,,
342,,Fat,0 g,,,,,,,,,
343,,Fiber,0 g,,,,,,,,,
344,,Carbs,0 g,,,,,,,,,
345,,Sodium,0 mg,,,,,,,,,
346,,Protein,0 g,,,,,,,,,
347,,Water,0 fl oz,,,,,,,,,
348,Food Log 20181120,,,,,,,,,,,
349,Daily Totals,,,,,,,,,,,
350,,Calories,0,,,,,,,,,
351,,Fat,0 g,,,,,,,,,
352,,Fiber,0 g,,,,,,,,,
353,,Carbs,0 g,,,,,,,,,
354,,Sodium,0 mg,,,,,,,,,
355,,Protein,0 g,,,,,,,,,
356,,Water,0 fl oz,,,,,,,,,
357,Food Log 20181121,,,,,,,,,,,
358,Daily Totals,,,,,,,,,,,
359,,Calories,0,,,,,,,,,
360,,Fat,0 g,,,,,,,,,
361,,Fiber,0 g,,,,,,,,,
362,,Carbs,0 g,,,,,,,,,
363,,Sodium,0 mg,,,,,,,,,
364,,Protein,0 g,,,,,,,,,
365,,Water,0 fl oz,,,,,,,,,
366,Food Log 20181122,,,,,,,,,,,
367,Daily Totals,,,,,,,,,,,
368,,Calories,0,,,,,,,,,
369,,Fat,0 g,,,,,,,,,
370,,Fiber,0 g,,,,,,,,,
371,,Carbs,0 g,,,,,,,,,
372,,Sodium,0 mg,,,,,,,,,
373,,Protein,0 g,,,,,,,,,
374,,Water,0 fl oz,,,,,,,,,
375,Food Log 20181123,,,,,,,,,,,
376,Daily Totals,,,,,,,,,,,
377,,Calories,0,,,,,,,,,
378,,Fat,0 g,,,,,,,,,
379,,Fiber,0 g,,,,,,,,,
380,,Carbs,0 g,,,,,,,,,
381,,Sodium,0 mg,,,,,,,,,
382,,Protein,0 g,,,,,,,,,
383,,Water,0 fl oz,,,,,,,,,
384,Food Log 20181124,,,,,,,,,,,
385,Daily Totals,,,,,,,,,,,
386,,Calories,0,,,,,,,,,
387,,Fat,0 g,,,,,,,,,
388,,Fiber,0 g,,,,,,,,,
389,,Carbs,0 g,,,,,,,,,
390,,Sodium,0 mg,,,,,,,,,
391,,Protein,0 g,,,,,,,,,
392,,Water,0 fl oz,,,,,,,,,
393,Food Log 20181125,,,,,,,,,,,
394,Daily Totals,,,,,,,,,,,
395,,Calories,0,,,,,,,,,
396,,Fat,0 g,,,,,,,,,
397,,Fiber,0 g,,,,,,,,,
398,,Carbs,0 g,,,,,,,,,
399,,Sodium,0 mg,,,,,,,,,
400,,Protein,0 g,,,,,,,,,
401,,Water,0 fl oz,,,,,,,,,
402,Food Log 20181126,,,,,,,,,,,
403,Daily Totals,,,,,,,,,,,
404,,Calories,0,,,,,,,,,
405,,Fat,0 g,,,,,,,,,
406,,Fiber,0 g,,,,,,,,,
407,,Carbs,0 g,,,,,,,,,
408,,Sodium,0 mg,,,,,,,,,
409,,Protein,0 g,,,,,,,,,
410,,Water,0 fl oz,,,,,,,,,
411,Food Log 20181127,,,,,,,,,,,
412,Daily Totals,,,,,,,,,,,
413,,Calories,0,,,,,,,,,
414,,Fat,0 g,,,,,,,,,
415,,Fiber,0 g,,,,,,,,,
416,,Carbs,0 g,,,,,,,,,
417,,Sodium,0 mg,,,,,,,,,
418,,Protein,0 g,,,,,,,,,
419,,Water,0 fl oz,,,,,,,,,
0,Foods,,,,,,,,,,,
1,Date,Calories In,,,,,,,,,,
2,2018-11-28,0,,,,,,,,,,
3,2018-11-29,0,,,,,,,,,,
4,2018-11-30,0,,,,,,,,,,
5,2018-12-01,0,,,,,,,,,,
6,2018-12-02,0,,,,,,,,,,
7,2018-12-03,0,,,,,,,,,,
8,2018-12-04,0,,,,,,,,,,
9,2018-12-05,0,,,,,,,,,,
10,2018-12-06,0,,,,,,,,,,
11,2018-12-07,0,,,,,,,,,,
12,2018-12-08,0,,,,,,,,,,
13,2018-12-09,0,,,,,,,,,,
14,2018-12-10,0,,,,,,,,,,
15,2018-12-11,0,,,,,,,,,,
16,2018-12-12,0,,,,,,,,,,
17,2018-12-13,0,,,,,,,,,,
18,2018-12-14,0,,,,,,,,,,
19,2018-12-15,0,,,,,,,,,,
20,2018-12-16,0,,,,,,,,,,
21,2018-12-17,0,,,,,,,,,,
22,2018-12-18,0,,,,,,,,,,
23,2018-12-19,0,,,,,,,,,,
24,2018-12-20,0,,,,,,,,,,
25,2018-12-21,0,,,,,,,,,,
26,2018-12-22,0,,,,,,,,,,
27,2018-12-23,0,,,,,,,,,,
28,2018-12-24,0,,,,,,,,,,
29,2018-12-25,0,,,,,,,,,,
30,2018-12-26,0,,,,,,,,,,
31,2018-12-27,0,,,,,,,,,,
32,2018-12-28,0,,,,,,,,,,
33,Activities,,,,,,,,,,,
34,Date,Calories Burned,Steps,Distance,Floors,Minutes Sedentary,Minutes Lightly Active,Minutes Fairly Active,Minutes Very Active,Activity Calories,,
35,2018-11-28,"3,088","7,602",3.59,16,717,272,0,0,"1,361",,
36,2018-11-29,"3,693","12,380",6.56,18,717,258,15,53,"2,051",,
37,2018-11-30,"3,269","9,559",4.51,14,699,288,12,6,"1,577",,
38,2018-12-01,"3,813","14,510",7.27,7,527,233,22,67,"2,124",,
39,2018-12-02,"3,957","13,257",6.23,195,725,265,13,70,"2,305",,
40,2018-12-03,"3,660","12,915",6.12,6,782,219,40,51,"1,993",,
41,2018-12-04,"3,384","13,763",6.49,13,608,199,11,67,"1,663",,
42,2018-12-05,"3,670","13,865",6.52,12,739,200,12,69,"1,968",,
43,2018-12-06,"3,669","14,774",6.96,9,647,198,4,78,"1,962",,
44,Food Log 20181128,,,,,,,,,,,
45,Daily Totals,,,,,,,,,,,
46,,Calories,0,,,,,,,,,
47,,Fat,0 g,,,,,,,,,
48,,Fiber,0 g,,,,,,,,,
49,,Carbs,0 g,,,,,,,,,
50,,Sodium,0 mg,,,,,,,,,
51,,Protein,0 g,,,,,,,,,
52,,Water,0 fl oz,,,,,,,,,
53,Food Log 20181129,,,,,,,,,,,
54,Daily Totals,,,,,,,,,,,
55,,Calories,0,,,,,,,,,
56,,Fat,0 g,,,,,,,,,
57,,Fiber,0 g,,,,,,,,,
58,,Carbs,0 g,,,,,,,,,
59,,Sodium,0 mg,,,,,,,,,
60,,Protein,0 g,,,,,,,,,
61,,Water,0 fl oz,,,,,,,,,
62,Food Log 20181130,,,,,,,,,,,
63,Daily Totals,,,,,,,,,,,
64,,Calories,0,,,,,,,,,
65,,Fat,0 g,,,,,,,,,
66,,Fiber,0 g,,,,,,,,,
67,,Carbs,0 g,,,,,,,,,
68,,Sodium,0 mg,,,,,,,,,
69,,Protein,0 g,,,,,,,,,
70,,Water,0 fl oz,,,,,,,,,
71,Food Log 20181201,,,,,,,,,,,
72,Daily Totals,,,,,,,,,,,
73,,Calories,0,,,,,,,,,
74,,Fat,0 g,,,,,,,,,
75,,Fiber,0 g,,,,,,,,,
76,,Carbs,0 g,,,,,,,,,
77,,Sodium,0 mg,,,,,,,,,
78,,Protein,0 g,,,,,,,,,
79,,Water,0 fl oz,,,,,,,,,
80,Food Log 20181202,,,,,,,,,,,
81,Daily Totals,,,,,,,,,,,
82,,Calories,0,,,,,,,,,
83,,Fat,0 g,,,,,,,,,
84,,Fiber,0 g,,,,,,,,,
85,,Carbs,0 g,,,,,,,,,
86,,Sodium,0 mg,,,,,,,,,
87,,Protein,0 g,,,,,,,,,
88,,Water,0 fl oz,,,,,,,,,
89,Food Log 20181203,,,,,,,,,,,
90,Daily Totals,,,,,,,,,,,
91,,Calories,0,,,,,,,,,
92,,Fat,0 g,,,,,,,,,
93,,Fiber,0 g,,,,,,,,,
94,,Carbs,0 g,,,,,,,,,
95,,Sodium,0 mg,,,,,,,,,
96,,Protein,0 g,,,,,,,,,
97,,Water,0 fl oz,,,,,,,,,
98,Food Log 20181204,,,,,,,,,,,
99,Daily Totals,,,,,,,,,,,
100,,Calories,0,,,,,,,,,
101,,Fat,0 g,,,,,,,,,
102,,Fiber,0 g,,,,,,,,,
103,,Carbs,0 g,,,,,,,,,
104,,Sodium,0 mg,,,,,,,,,
105,,Protein,0 g,,,,,,,,,
106,,Water,0 fl oz,,,,,,,,,
107,Food Log 20181205,,,,,,,,,,,
108,Daily Totals,,,,,,,,,,,
109,,Calories,0,,,,,,,,,
110,,Fat,0 g,,,,,,,,,
111,,Fiber,0 g,,,,,,,,,
112,,Carbs,0 g,,,,,,,,,
113,,Sodium,0 mg,,,,,,,,,
114,,Protein,0 g,,,,,,,,,
115,,Water,0 fl oz,,,,,,,,,
116,Food Log 20181206,,,,,,,,,,,
117,Daily Totals,,,,,,,,,,,
118,,Calories,0,,,,,,,,,
119,,Fat,0 g,,,,,,,,,
120,,Fiber,0 g,,,,,,,,,
121,,Carbs,0 g,,,,,,,,,
122,,Sodium,0 mg,,,,,,,,,
123,,Protein,0 g,,,,,,,,,
124,,Water,0 fl oz,,,,,,,,,
125,Food Log 20181207,,,,,,,,,,,
126,Daily Totals,,,,,,,,,,,
127,,Calories,0,,,,,,,,,
128,,Fat,0 g,,,,,,,,,
129,,Fiber,0 g,,,,,,,,,
130,,Carbs,0 g,,,,,,,,,
131,,Sodium,0 mg,,,,,,,,,
132,,Protein,0 g,,,,,,,,,
133,,Water,0 fl oz,,,,,,,,,
134,Food Log 20181208,,,,,,,,,,,
135,Daily Totals,,,,,,,,,,,
136,,Calories,0,,,,,,,,,
137,,Fat,0 g,,,,,,,,,
138,,Fiber,0 g,,,,,,,,,
139,,Carbs,0 g,,,,,,,,,
140,,Sodium,0 mg,,,,,,,,,
141,,Protein,0 g,,,,,,,,,
142,,Water,0 fl oz,,,,,,,,,
143,Food Log 20181209,,,,,,,,,,,
144,Daily Totals,,,,,,,,,,,
145,,Calories,0,,,,,,,,,
146,,Fat,0 g,,,,,,,,,
147,,Fiber,0 g,,,,,,,,,
148,,Carbs,0 g,,,,,,,,,
149,,Sodium,0 mg,,,,,,,,,
150,,Protein,0 g,,,,,,,,,
151,,Water,0 fl oz,,,,,,,,,
152,Food Log 20181210,,,,,,,,,,,
153,Daily Totals,,,,,,,,,,,
154,,Calories,0,,,,,,,,,
155,,Fat,0 g,,,,,,,,,
156,,Fiber,0 g,,,,,,,,,
157,,Carbs,0 g,,,,,,,,,
158,,Sodium,0 mg,,,,,,,,,
159,,Protein,0 g,,,,,,,,,
160,,Water,0 fl oz,,,,,,,,,
161,Food Log 20181211,,,,,,,,,,,
162,Daily Totals,,,,,,,,,,,
163,,Calories,0,,,,,,,,,
164,,Fat,0 g,,,,,,,,,
165,,Fiber,0 g,,,,,,,,,
166,,Carbs,0 g,,,,,,,,,
167,,Sodium,0 mg,,,,,,,,,
168,,Protein,0 g,,,,,,,,,
169,,Water,0 fl oz,,,,,,,,,
170,Food Log 20181212,,,,,,,,,,,
171,Daily Totals,,,,,,,,,,,
172,,Calories,0,,,,,,,,,
173,,Fat,0 g,,,,,,,,,
174,,Fiber,0 g,,,,,,,,,
175,,Carbs,0 g,,,,,,,,,
176,,Sodium,0 mg,,,,,,,,,
177,,Protein,0 g,,,,,,,,,
178,,Water,0 fl oz,,,,,,,,,
179,Food Log 20181213,,,,,,,,,,,
180,Daily Totals,,,,,,,,,,,
181,,Calories,0,,,,,,,,,
182,,Fat,0 g,,,,,,,,,
183,,Fiber,0 g,,,,,,,,,
184,,Carbs,0 g,,,,,,,,,
185,,Sodium,0 mg,,,,,,,,,
186,,Protein,0 g,,,,,,,,,
187,,Water,0 fl oz,,,,,,,,,
188,Food Log 20181214,,,,,,,,,,,
189,Daily Totals,,,,,,,,,,,
190,,Calories,0,,,,,,,,,
191,,Fat,0 g,,,,,,,,,
192,,Fiber,0 g,,,,,,,,,
193,,Carbs,0 g,,,,,,,,,
194,,Sodium,0 mg,,,,,,,,,
195,,Protein,0 g,,,,,,,,,
196,,Water,0 fl oz,,,,,,,,,
197,Food Log 20181215,,,,,,,,,,,
198,Daily Totals,,,,,,,,,,,
199,,Calories,0,,,,,,,,,
200,,Fat,0 g,,,,,,,,,
201,,Fiber,0 g,,,,,,,,,
202,,Carbs,0 g,,,,,,,,,
203,,Sodium,0 mg,,,,,,,,,
204,,Protein,0 g,,,,,,,,,
205,,Water,0 fl oz,,,,,,,,,
206,Food Log 20181216,,,,,,,,,,,
207,Daily Totals,,,,,,,,,,,
208,,Calories,0,,,,,,,,,
209,,Fat,0 g,,,,,,,,,
210,,Fiber,0 g,,,,,,,,,
211,,Carbs,0 g,,,,,,,,,
212,,Sodium,0 mg,,,,,,,,,
213,,Protein,0 g,,,,,,,,,
214,,Water,0 fl oz,,,,,,,,,
215,Food Log 20181217,,,,,,,,,,,
216,Daily Totals,,,,,,,,,,,
217,,Calories,0,,,,,,,,,
218,,Fat,0 g,,,,,,,,,
219,,Fiber,0 g,,,,,,,,,
220,,Carbs,0 g,,,,,,,,,
221,,Sodium,0 mg,,,,,,,,,
222,,Protein,0 g,,,,,,,,,
223,,Water,0 fl oz,,,,,,,,,
224,Food Log 20181218,,,,,,,,,,,
225,Daily Totals,,,,,,,,,,,
226,,Calories,0,,,,,,,,,
227,,Fat,0 g,,,,,,,,,
228,,Fiber,0 g,,,,,,,,,
229,,Carbs,0 g,,,,,,,,,
230,,Sodium,0 mg,,,,,,,,,
231,,Protein,0 g,,,,,,,,,
232,,Water,0 fl oz,,,,,,,,,
233,Food Log 20181219,,,,,,,,,,,
234,Daily Totals,,,,,,,,,,,
235,,Calories,0,,,,,,,,,
236,,Fat,0 g,,,,,,,,,
237,,Fiber,0 g,,,,,,,,,
238,,Carbs,0 g,,,,,,,,,
239,,Sodium,0 mg,,,,,,,,,
240,,Protein,0 g,,,,,,,,,
241,,Water,0 fl oz,,,,,,,,,
242,Food Log 20181220,,,,,,,,,,,
243,Daily Totals,,,,,,,,,,,
244,,Calories,0,,,,,,,,,
245,,Fat,0 g,,,,,,,,,
246,,Fiber,0 g,,,,,,,,,
247,,Carbs,0 g,,,,,,,,,
248,,Sodium,0 mg,,,,,,,,,
249,,Protein,0 g,,,,,,,,,
250,,Water,0 fl oz,,,,,,,,,
251,Food Log 20181221,,,,,,,,,,,
252,Daily Totals,,,,,,,,,,,
253,,Calories,0,,,,,,,,,
254,,Fat,0 g,,,,,,,,,
255,,Fiber,0 g,,,,,,,,,
256,,Carbs,0 g,,,,,,,,,
257,,Sodium,0 mg,,,,,,,,,
258,,Protein,0 g,,,,,,,,,
259,,Water,0 fl oz,,,,,,,,,
260,Food Log 20181222,,,,,,,,,,,
261,Daily Totals,,,,,,,,,,,
262,,Calories,0,,,,,,,,,
263,,Fat,0 g,,,,,,,,,
264,,Fiber,0 g,,,,,,,,,
265,,Carbs,0 g,,,,,,,,,
266,,Sodium,0 mg,,,,,,,,,
267,,Protein,0 g,,,,,,,,,
268,,Water,0 fl oz,,,,,,,,,
269,Food Log 20181223,,,,,,,,,,,
270,Daily Totals,,,,,,,,,,,
271,,Calories,0,,,,,,,,,
272,,Fat,0 g,,,,,,,,,
273,,Fiber,0 g,,,,,,,,,
274,,Carbs,0 g,,,,,,,,,
275,,Sodium,0 mg,,,,,,,,,
276,,Protein,0 g,,,,,,,,,
277,,Water,0 fl oz,,,,,,,,,
278,Food Log 20181224,,,,,,,,,,,
279,Daily Totals,,,,,,,,,,,
280,,Calories,0,,,,,,,,,
281,,Fat,0 g,,,,,,,,,
282,,Fiber,0 g,,,,,,,,,
283,,Carbs,0 g,,,,,,,,,
284,,Sodium,0 mg,,,,,,,,,
285,,Protein,0 g,,,,,,,,,
286,,Water,0 fl oz,,,,,,,,,
287,Food Log 20181225,,,,,,,,,,,
288,Daily Totals,,,,,,,,,,,
289,,Calories,0,,,,,,,,,
290,,Fat,0 g,,,,,,,,,
291,,Fiber,0 g,,,,,,,,,
292,,Carbs,0 g,,,,,,,,,
293,,Sodium,0 mg,,,,,,,,,
294,,Protein,0 g,,,,,,,,,
295,,Water,0 fl oz,,,,,,,,,
296,Food Log 20181226,,,,,,,,,,,
297,Daily Totals,,,,,,,,,,,
298,,Calories,0,,,,,,,,,
299,,Fat,0 g,,,,,,,,,
300,,Fiber,0 g,,,,,,,,,
301,,Carbs,0 g,,,,,,,,,
302,,Sodium,0 mg,,,,,,,,,
303,,Protein,0 g,,,,,,,,,
304,,Water,0 fl oz,,,,,,,,,
305,Food Log 20181227,,,,,,,,,,,
306,Daily Totals,,,,,,,,,,,
307,,Calories,0,,,,,,,,,
308,,Fat,0 g,,,,,,,,,
309,,Fiber,0 g,,,,,,,,,
310,,Carbs,0 g,,,,,,,,,
311,,Sodium,0 mg,,,,,,,,,
312,,Protein,0 g,,,,,,,,,
313,,Water,0 fl oz,,,,,,,,,
314,Food Log 20181228,,,,,,,,,,,
315,Daily Totals,,,,,,,,,,,
316,,Calories,0,,,,,,,,,
317,,Fat,0 g,,,,,,,,,
318,,Fiber,0 g,,,,,,,,,
319,,Carbs,0 g,,,,,,,,,
320,,Sodium,0 mg,,,,,,,,,
321,,Protein,0 g,,,,,,,,,
322,,Water,0 fl oz,,,,,,,,,
0,Foods,,,,,,,,,,,
1,Date,Calories In,,,,,,,,,,
2,2018-05-27,0,,,,,,,,,,
3,2018-05-28,0,,,,,,,,,,
4,2018-05-29,0,,,,,,,,,,
5,2018-05-30,0,,,,,,,,,,
6,2018-05-31,"1,210",,,,,,,,,,
7,2018-06-01,0,,,,,,,,,,
8,2018-06-02,0,,,,,,,,,,
9,2018-06-03,0,,,,,,,,,,
10,2018-06-04,0,,,,,,,,,,
11,2018-06-05,0,,,,,,,,,,
12,2018-06-06,0,,,,,,,,,,
13,2018-06-07,0,,,,,,,,,,
14,2018-06-08,0,,,,,,,,,,
15,2018-06-09,0,,,,,,,,,,
16,2018-06-10,0,,,,,,,,,,
17,2018-06-11,0,,,,,,,,,,
18,2018-06-12,0,,,,,,,,,,
19,2018-06-13,0,,,,,,,,,,
20,2018-06-14,0,,,,,,,,,,
21,2018-06-15,0,,,,,,,,,,
22,2018-06-16,0,,,,,,,,,,
23,2018-06-17,0,,,,,,,,,,
24,2018-06-18,0,,,,,,,,,,
25,2018-06-19,0,,,,,,,,,,
26,2018-06-20,0,,,,,,,,,,
27,2018-06-21,0,,,,,,,,,,
28,2018-06-22,0,,,,,,,,,,
29,2018-06-23,0,,,,,,,,,,
30,2018-06-24,0,,,,,,,,,,
31,2018-06-25,0,,,,,,,,,,
32,2018-06-26,0,,,,,,,,,,
33,Activities,,,,,,,,,,,
34,Date,Calories Burned,Steps,Distance,Floors,Minutes Sedentary,Minutes Lightly Active,Minutes Fairly Active,Minutes Very Active,Activity Calories,,
35,2018-05-27,"3,407","5,347",2.52,2,825,209,21,6,"1,260",,
36,2018-05-28,"3,213","3,875",1.83,2,668,164,0,0,922,,
37,2018-05-29,"3,466","6,448",3.04,0,899,254,9,0,"1,427",,
38,2018-05-30,"3,324","5,519",2.6,1,"1,201",217,19,3,"1,264",,
39,2018-05-31,"3,420","5,879",2.77,3,735,230,5,6,"1,349",,
40,2018-06-01,"3,513","6,916",3.26,0,690,279,10,2,"1,527",,
41,2018-06-02,"2,742","2,946",1.39,3,717,171,0,0,752,,
42,2018-06-03,"3,765","6,815",3.21,2,545,201,42,29,"1,834",,
43,2018-06-04,"3,585","6,162",2.91,6,"1,171",225,36,8,"1,530",,
44,2018-06-05,"3,189","4,486",2.12,4,823,177,10,0,"1,022",,
45,2018-06-06,"2,145",0,0,0,"1,440",0,0,0,0,,
46,2018-06-07,"2,146",0,0,0,"1,440",0,0,0,0,,
47,2018-06-08,"2,465","1,929",0.91,1,"1,361",79,0,0,389,,
48,2018-06-09,"2,859","3,130",1.48,7,835,127,24,1,780,,
49,2018-06-10,"3,432","7,029",3.32,7,728,230,35,9,"1,549",,
50,2018-06-11,"2,146",0,0,0,"1,440",0,0,0,0,,
51,2018-06-12,"3,352","4,535",2.14,1,"1,224",186,20,10,"1,241",,
52,2018-06-13,"3,335","6,344",2.99,4,"1,186",241,5,8,"1,333",,
53,2018-06-14,"3,533","8,316",3.92,10,591,287,22,1,"1,684",,
54,2018-06-15,"3,422","7,249",3.42,14,693,275,11,8,"1,586",,
55,2018-06-16,"3,313","7,806",3.68,15,749,237,18,7,"1,422",,
56,2018-06-17,"2,940","3,544",1.67,6,862,132,9,1,791,,
57,2018-06-18,"3,385","6,189",2.92,1,744,224,5,6,"1,298",,
58,2018-06-19,"3,560","6,055",2.86,2,686,246,15,4,"1,500",,
59,2018-06-20,"3,256","5,665",2.67,2,722,219,0,0,"1,211",,
60,2018-06-21,"3,430","6,480",3.06,4,654,235,18,3,"1,388",,
61,2018-06-22,"3,290","5,805",2.74,3,"1,179",235,2,9,"1,278",,
62,2018-06-23,"3,134","2,996",1.41,2,801,130,10,18,"1,079",,
63,2018-06-24,"3,355","5,209",2.46,2,"1,121",243,0,10,"1,450",,
64,2018-06-25,"3,127","3,810",1.8,1,768,183,8,0,"1,032",,
65,2018-06-26,"2,144",0,0,0,"1,440",0,0,0,0,,
66,Food Log 20180527,,,,,,,,,,,
67,Daily Totals,,,,,,,,,,,
68,,Calories,0,,,,,,,,,
69,,Fat,0 g,,,,,,,,,
70,,Fiber,0 g,,,,,,,,,
71,,Carbs,0 g,,,,,,,,,
72,,Sodium,0 mg,,,,,,,,,
73,,Protein,0 g,,,,,,,,,
74,,Water,0 fl oz,,,,,,,,,
75,Food Log 20180528,,,,,,,,,,,
76,Daily Totals,,,,,,,,,,,
77,,Calories,0,,,,,,,,,
78,,Fat,0 g,,,,,,,,,
79,,Fiber,0 g,,,,,,,,,
80,,Carbs,0 g,,,,,,,,,
81,,Sodium,0 mg,,,,,,,,,
82,,Protein,0 g,,,,,,,,,
83,,Water,0 fl oz,,,,,,,,,
84,Food Log 20180529,,,,,,,,,,,
85,Daily Totals,,,,,,,,,,,
86,,Calories,0,,,,,,,,,
87,,Fat,0 g,,,,,,,,,
88,,Fiber,0 g,,,,,,,,,
89,,Carbs,0 g,,,,,,,,,
90,,Sodium,0 mg,,,,,,,,,
91,,Protein,0 g,,,,,,,,,
92,,Water,0 fl oz,,,,,,,,,
93,Food Log 20180530,,,,,,,,,,,
94,Daily Totals,,,,,,,,,,,
95,,Calories,0,,,,,,,,,
96,,Fat,0 g,,,,,,,,,
97,,Fiber,0 g,,,,,,,,,
98,,Carbs,0 g,,,,,,,,,
99,,Sodium,0 mg,,,,,,,,,
100,,Protein,0 g,,,,,,,,,
101,,Water,0 fl oz,,,,,,,,,
102,Food Log 20180531,,,,,,,,,,,
103,Meal,Food,Calories,,,,,,,,,
104,Breakfast,,,,,,,,,,,
105,,"Tacos, Sausage, Egg & Cheese",350,,,,,,,,,
106,Lunch,,,,,,,,,,,
107,,Pad Thai,860,,,,,,,,,
108,Daily Totals,,,,,,,,,,,
109,,Calories,"1,210",,,,,,,,,
110,,Fat,42 g,,,,,,,,,
111,,Fiber,4 g,,,,,,,,,
112,,Carbs,167 g,,,,,,,,,
113,,Sodium,"3,160 mg",,,,,,,,,
114,,Protein,44 g,,,,,,,,,
115,,Water,0 fl oz,,,,,,,,,
116,Food Log 20180601,,,,,,,,,,,
117,Daily Totals,,,,,,,,,,,
118,,Calories,0,,,,,,,,,
119,,Fat,0 g,,,,,,,,,
120,,Fiber,0 g,,,,,,,,,
121,,Carbs,0 g,,,,,,,,,
122,,Sodium,0 mg,,,,,,,,,
123,,Protein,0 g,,,,,,,,,
124,,Water,0 fl oz,,,,,,,,,
125,Food Log 20180602,,,,,,,,,,,
126,Daily Totals,,,,,,,,,,,
127,,Calories,0,,,,,,,,,
128,,Fat,0 g,,,,,,,,,
129,,Fiber,0 g,,,,,,,,,
130,,Carbs,0 g,,,,,,,,,
131,,Sodium,0 mg,,,,,,,,,
132,,Protein,0 g,,,,,,,,,
133,,Water,0 fl oz,,,,,,,,,
134,Food Log 20180603,,,,,,,,,,,
135,Daily Totals,,,,,,,,,,,
136,,Calories,0,,,,,,,,,
137,,Fat,0 g,,,,,,,,,
138,,Fiber,0 g,,,,,,,,,
139,,Carbs,0 g,,,,,,,,,
140,,Sodium,0 mg,,,,,,,,,
141,,Protein,0 g,,,,,,,,,
142,,Water,0 fl oz,,,,,,,,,
143,Food Log 20180604,,,,,,,,,,,
144,Daily Totals,,,,,,,,,,,
145,,Calories,0,,,,,,,,,
146,,Fat,0 g,,,,,,,,,
147,,Fiber,0 g,,,,,,,,,
148,,Carbs,0 g,,,,,,,,,
149,,Sodium,0 mg,,,,,,,,,
150,,Protein,0 g,,,,,,,,,
151,,Water,0 fl oz,,,,,,,,,
152,Food Log 20180605,,,,,,,,,,,
153,Daily Totals,,,,,,,,,,,
154,,Calories,0,,,,,,,,,
155,,Fat,0 g,,,,,,,,,
156,,Fiber,0 g,,,,,,,,,
157,,Carbs,0 g,,,,,,,,,
158,,Sodium,0 mg,,,,,,,,,
159,,Protein,0 g,,,,,,,,,
160,,Water,0 fl oz,,,,,,,,,
161,Food Log 20180606,,,,,,,,,,,
162,Daily Totals,,,,,,,,,,,
163,,Calories,0,,,,,,,,,
164,,Fat,0 g,,,,,,,,,
165,,Fiber,0 g,,,,,,,,,
166,,Carbs,0 g,,,,,,,,,
167,,Sodium,0 mg,,,,,,,,,
168,,Protein,0 g,,,,,,,,,
169,,Water,0 fl oz,,,,,,,,,
170,Food Log 20180607,,,,,,,,,,,
171,Daily Totals,,,,,,,,,,,
172,,Calories,0,,,,,,,,,
173,,Fat,0 g,,,,,,,,,
174,,Fiber,0 g,,,,,,,,,
175,,Carbs,0 g,,,,,,,,,
176,,Sodium,0 mg,,,,,,,,,
177,,Protein,0 g,,,,,,,,,
178,,Water,0 fl oz,,,,,,,,,
179,Food Log 20180608,,,,,,,,,,,
180,Daily Totals,,,,,,,,,,,
181,,Calories,0,,,,,,,,,
182,,Fat,0 g,,,,,,,,,
183,,Fiber,0 g,,,,,,,,,
184,,Carbs,0 g,,,,,,,,,
185,,Sodium,0 mg,,,,,,,,,
186,,Protein,0 g,,,,,,,,,
187,,Water,0 fl oz,,,,,,,,,
188,Food Log 20180609,,,,,,,,,,,
189,Daily Totals,,,,,,,,,,,
190,,Calories,0,,,,,,,,,
191,,Fat,0 g,,,,,,,,,
192,,Fiber,0 g,,,,,,,,,
193,,Carbs,0 g,,,,,,,,,
194,,Sodium,0 mg,,,,,,,,,
195,,Protein,0 g,,,,,,,,,
196,,Water,0 fl oz,,,,,,,,,
197,Food Log 20180610,,,,,,,,,,,
198,Daily Totals,,,,,,,,,,,
199,,Calories,0,,,,,,,,,
200,,Fat,0 g,,,,,,,,,
201,,Fiber,0 g,,,,,,,,,
202,,Carbs,0 g,,,,,,,,,
203,,Sodium,0 mg,,,,,,,,,
204,,Protein,0 g,,,,,,,,,
205,,Water,0 fl oz,,,,,,,,,
206,Food Log 20180611,,,,,,,,,,,
207,Daily Totals,,,,,,,,,,,
208,,Calories,0,,,,,,,,,
209,,Fat,0 g,,,,,,,,,
210,,Fiber,0 g,,,,,,,,,
211,,Carbs,0 g,,,,,,,,,
212,,Sodium,0 mg,,,,,,,,,
213,,Protein,0 g,,,,,,,,,
214,,Water,0 fl oz,,,,,,,,,
215,Food Log 20180612,,,,,,,,,,,
216,Daily Totals,,,,,,,,,,,
217,,Calories,0,,,,,,,,,
218,,Fat,0 g,,,,,,,,,
219,,Fiber,0 g,,,,,,,,,
220,,Carbs,0 g,,,,,,,,,
221,,Sodium,0 mg,,,,,,,,,
222,,Protein,0 g,,,,,,,,,
223,,Water,0 fl oz,,,,,,,,,
224,Food Log 20180613,,,,,,,,,,,
225,Daily Totals,,,,,,,,,,,
226,,Calories,0,,,,,,,,,
227,,Fat,0 g,,,,,,,,,
228,,Fiber,0 g,,,,,,,,,
229,,Carbs,0 g,,,,,,,,,
230,,Sodium,0 mg,,,,,,,,,
231,,Protein,0 g,,,,,,,,,
232,,Water,0 fl oz,,,,,,,,,
233,Food Log 20180614,,,,,,,,,,,
234,Daily Totals,,,,,,,,,,,
235,,Calories,0,,,,,,,,,
236,,Fat,0 g,,,,,,,,,
237,,Fiber,0 g,,,,,,,,,
238,,Carbs,0 g,,,,,,,,,
239,,Sodium,0 mg,,,,,,,,,
240,,Protein,0 g,,,,,,,,,
241,,Water,0 fl oz,,,,,,,,,
242,Food Log 20180615,,,,,,,,,,,
243,Daily Totals,,,,,,,,,,,
244,,Calories,0,,,,,,,,,
245,,Fat,0 g,,,,,,,,,
246,,Fiber,0 g,,,,,,,,,
247,,Carbs,0 g,,,,,,,,,
248,,Sodium,0 mg,,,,,,,,,
249,,Protein,0 g,,,,,,,,,
250,,Water,0 fl oz,,,,,,,,,
251,Food Log 20180616,,,,,,,,,,,
252,Daily Totals,,,,,,,,,,,
253,,Calories,0,,,,,,,,,
254,,Fat,0 g,,,,,,,,,
255,,Fiber,0 g,,,,,,,,,
256,,Carbs,0 g,,,,,,,,,
257,,Sodium,0 mg,,,,,,,,,
258,,Protein,0 g,,,,,,,,,
259,,Water,0 fl oz,,,,,,,,,
260,Food Log 20180617,,,,,,,,,,,
261,Daily Totals,,,,,,,,,,,
262,,Calories,0,,,,,,,,,
263,,Fat,0 g,,,,,,,,,
264,,Fiber,0 g,,,,,,,,,
265,,Carbs,0 g,,,,,,,,,
266,,Sodium,0 mg,,,,,,,,,
267,,Protein,0 g,,,,,,,,,
268,,Water,0 fl oz,,,,,,,,,
269,Food Log 20180618,,,,,,,,,,,
270,Daily Totals,,,,,,,,,,,
271,,Calories,0,,,,,,,,,
272,,Fat,0 g,,,,,,,,,
273,,Fiber,0 g,,,,,,,,,
274,,Carbs,0 g,,,,,,,,,
275,,Sodium,0 mg,,,,,,,,,
276,,Protein,0 g,,,,,,,,,
277,,Water,0 fl oz,,,,,,,,,
278,Food Log 20180619,,,,,,,,,,,
279,Daily Totals,,,,,,,,,,,
280,,Calories,0,,,,,,,,,
281,,Fat,0 g,,,,,,,,,
282,,Fiber,0 g,,,,,,,,,
283,,Carbs,0 g,,,,,,,,,
284,,Sodium,0 mg,,,,,,,,,
285,,Protein,0 g,,,,,,,,,
286,,Water,0 fl oz,,,,,,,,,
287,Food Log 20180620,,,,,,,,,,,
288,Daily Totals,,,,,,,,,,,
289,,Calories,0,,,,,,,,,
290,,Fat,0 g,,,,,,,,,
291,,Fiber,0 g,,,,,,,,,
292,,Carbs,0 g,,,,,,,,,
293,,Sodium,0 mg,,,,,,,,,
294,,Protein,0 g,,,,,,,,,
295,,Water,0 fl oz,,,,,,,,,
296,Food Log 20180621,,,,,,,,,,,
297,Daily Totals,,,,,,,,,,,
298,,Calories,0,,,,,,,,,
299,,Fat,0 g,,,,,,,,,
300,,Fiber,0 g,,,,,,,,,
301,,Carbs,0 g,,,,,,,,,
302,,Sodium,0 mg,,,,,,,,,
303,,Protein,0 g,,,,,,,,,
304,,Water,0 fl oz,,,,,,,,,
305,Food Log 20180622,,,,,,,,,,,
306,Daily Totals,,,,,,,,,,,
307,,Calories,0,,,,,,,,,
308,,Fat,0 g,,,,,,,,,
309,,Fiber,0 g,,,,,,,,,
310,,Carbs,0 g,,,,,,,,,
311,,Sodium,0 mg,,,,,,,,,
312,,Protein,0 g,,,,,,,,,
313,,Water,0 fl oz,,,,,,,,,
314,Food Log 20180623,,,,,,,,,,,
315,Daily Totals,,,,,,,,,,,
316,,Calories,0,,,,,,,,,
317,,Fat,0 g,,,,,,,,,
318,,Fiber,0 g,,,,,,,,,
319,,Carbs,0 g,,,,,,,,,
320,,Sodium,0 mg,,,,,,,,,
321,,Protein,0 g,,,,,,,,,
322,,Water,0 fl oz,,,,,,,,,
323,Food Log 20180624,,,,,,,,,,,
324,Daily Totals,,,,,,,,,,,
325,,Calories,0,,,,,,,,,
326,,Fat,0 g,,,,,,,,,
327,,Fiber,0 g,,,,,,,,,
328,,Carbs,0 g,,,,,,,,,
329,,Sodium,0 mg,,,,,,,,,
330,,Protein,0 g,,,,,,,,,
331,,Water,0 fl oz,,,,,,,,,
332,Food Log 20180625,,,,,,,,,,,
333,Daily Totals,,,,,,,,,,,
334,,Calories,0,,,,,,,,,
335,,Fat,0 g,,,,,,,,,
336,,Fiber,0 g,,,,,,,,,
337,,Carbs,0 g,,,,,,,,,
338,,Sodium,0 mg,,,,,,,,,
339,,Protein,0 g,,,,,,,,,
340,,Water,0 fl oz,,,,,,,,,
341,Food Log 20180626,,,,,,,,,,,
342,Daily Totals,,,,,,,,,,,
343,,Calories,0,,,,,,,,,
344,,Fat,0 g,,,,,,,,,
345,,Fiber,0 g,,,,,,,,,
346,,Carbs,0 g,,,,,,,,,
347,,Sodium,0 mg,,,,,,,,,
348,,Protein,0 g,,,,,,,,,
349,,Water,0 fl oz,,,,,,,,,
